timestamp,station_id,temperature,pressure,humidity
2026-09-01 00:00:00,AWS-001,25.248357076505616,1009.7974465175076,58.27301279007013
2026-09-01 00:15:00,AWS-001,25.45409288325555,1010.0220825644288,58.956546083669686
2026-09-01 00:30:00,AWS-001,26.36805380681076,1009.8930802821603,58.07814086078812
2026-09-01 00:45:00,AWS-001,27.32223750433304,1010.1036458217674,58.018905861444885
2026-09-01 01:00:00,AWS-001,26.9534756734585,1009.6929679843539,53.383997596900535
2026-09-01 01:15:00,AWS-001,27.454447243950703,1010.3897790590011,56.36354256814724
2026-09-01 01:30:00,AWS-001,28.85107386667441,1010.390542286641,48.8509652513181
2026-09-01 01:45:00,AWS-001,28.922026886328464,1010.2090259367483,52.10590054198737
2026-09-01 02:00:00,AWS-001,28.765262807032524,1010.7154117907348,51.52345231509691
2026-09-01 02:15:00,AWS-001,29.7158418859498,1010.8618403957969,52.93310015684845
2026-09-01 02:30:00,AWS-001,29.638382585663532,1010.1606109712957,50.913840270222934
2026-09-01 02:45:00,AWS-001,30.04190164401542,1010.4756826622727,47.29868666578639
2026-09-01 03:00:00,AWS-001,30.777835385275395,1010.5346241597939,47.423412030567754
2026-09-01 03:15:00,AWS-001,30.05807833750292,1010.543443129276,49.119762906910154
2026-09-01 03:30:00,AWS-001,30.48436780607336,1011.1334198330176,47.941565211902365
2026-09-01 03:45:00,AWS-001,31.37061313379987,1010.8846456320202,46.36970759619033
2026-09-01 04:00:00,AWS-001,31.421787670108294,1010.9206455476068,46.04795136420946
2026-09-01 04:15:00,AWS-001,32.33210559855914,1010.4549769919787,47.939244871328256
2026-09-01 04:30:00,AWS-001,31.93702422232969,1011.301765875102,45.10642186659227
2026-09-01 04:45:00,AWS-001,31.869289185293198,1010.7931778752795,45.61986556951527
2026-09-01 05:00:00,AWS-001,33.46023099477332,1011.2355026470973,49.85098578182506
2026-09-01 05:15:00,AWS-001,32.73339409298258,1011.3519996497148,42.440855520183696
2026-09-01 05:30:00,AWS-001,32.96532299333444,1011.7268892089518,41.42464161624353
2026-09-01 05:45:00,AWS-001,32.2704972928021,1010.97453848431,46.59929548101817
2026-09-01 06:00:00,AWS-001,32.72780863773741,1010.5083599156269,43.64271387741179
2026-09-01 06:15:00,AWS-001,33.038332680763766,1011.5148830088217,44.39564109593571
2026-09-01 06:30:00,AWS-001,32.35606210227934,1012.0438329694113,43.56601432313062
2026-09-01 06:45:00,AWS-001,33.03413125239868,1011.9177048126073,44.76862051241651
2026-09-01 07:00:00,AWS-001,32.427087265353144,1011.6496045051648,48.70818882985666
2026-09-01 07:15:00,AWS-001,32.4295941610642,1011.4782025134936,47.40030497480966
2026-09-01 07:30:00,AWS-001,32.0901829539756,1011.9050760035963,47.86625403610465
2026-09-01 07:45:00,AWS-001,33.101121024515976,1011.4063405031419,43.71445476542438
2026-09-01 08:00:00,AWS-001,31.921454617906544,1011.8749581383757,44.70731147012768
2026-09-01 08:15:00,AWS-001,31.122901433942413,1011.9154835764467,41.84979849649097
2026-09-01 08:30:00,AWS-001,31.758099178381478,1012.111808455315,46.48093825346596
2026-09-01 08:45:00,AWS-001,30.40429663484631,1012.6496256615158,50.635809260586655
2026-09-01 09:00:00,AWS-001,30.76128604699476,1011.9654838551762,50.427291313698525
2026-09-01 09:15:00,AWS-001,29.294931458860663,1011.7191227658024,49.66678624759472
2026-09-01 09:30:00,AWS-001,29.20599840762055,1011.8861879653326,50.82397799743308
2026-09-01 09:45:00,AWS-001,29.542992482091382,1011.3831578999977,50.28867541955515
2026-09-01 10:00:00,AWS-001,29.36923328999771,1011.7234377132514,52.90951776480356
2026-09-01 10:15:00,AWS-001,28.623993662346997,1011.8249692271207,54.897426205676204
2026-09-01 10:30:00,AWS-001,28.0036433177266,1011.804344041426,51.0279749397027
2026-09-01 10:45:00,AWS-001,27.420963874630647,1012.01899312578,55.777703396127265
2026-09-01 11:00:00,AWS-001,26.331291365636456,1011.7361637430329,57.982584065371526
2026-09-01 11:15:00,AWS-001,26.20080047193167,1012.3266786535418,56.243444591831334
2026-09-01 11:30:00,AWS-001,25.81389015228052,1011.9957799659527,59.44350834094039
2026-09-01 11:45:00,AWS-001,26.051786146950604,1011.9961390786112,64.64826195049295
2026-09-01 12:00:00,AWS-001,25.17180914478423,1011.9016315850462,59.79131441402622
2026-09-01 12:15:00,AWS-001,23.59525488847749,1012.0454863801104,61.76766103846279
2026-09-01 12:30:00,AWS-001,24.117832446936987,1012.2432473258775,60.48177871597799
2026-09-01 12:45:00,AWS-001,23.24673628366282,1011.7302303886312,63.28885715544602
2026-09-01 13:00:00,AWS-001,22.59098663902686,1011.7854547760251,64.80282892650241
2026-09-01 13:15:00,AWS-001,22.734322421995145,1011.8821688555367,65.21127666008769
2026-09-01 13:30:00,AWS-001,22.454032302327263,1011.5578092837644,63.700860846058625
2026-09-01 13:45:00,AWS-001,21.92733053780609,1011.7019766006382,67.0470538959359
2026-09-01 14:00:00,AWS-001,20.580391238388685,1011.7889853905148,70.42439187743527
2026-09-01 14:15:00,AWS-001,20.400831947917574,1012.1761974256782,69.23082502432308
2026-09-01 14:30:00,AWS-001,20.29554028363202,1011.9726286576908,71.05539581327449
2026-09-01 14:45:00,AWS-001,20.213006042760632,1011.9298888269249,69.41616328647576
2026-09-01 15:00:00,AWS-001,19.103558631584978,1012.103028453673,72.10640219664563
2026-09-01 15:15:00,AWS-001,18.892452051836273,1011.7805161133226,71.83613278861772
2026-09-01 15:30:00,AWS-001,18.100005790667105,1011.910884938044,69.99847864499407
2026-09-01 15:45:00,AWS-001,17.750139789539304,1011.732876002817,73.10908619413593
2026-09-01 16:00:00,AWS-001,18.478059680921593,1011.8116595123887,71.00698772988596
2026-09-01 16:15:00,AWS-001,18.503138082023906,1011.5235767657697,72.18733057322075
2026-09-01 16:30:00,AWS-001,17.57295867911954,1010.9312940771222,74.23684960225404
2026-09-01 16:45:00,AWS-001,17.926325412985168,1011.5854096205273,74.79844048918683
2026-09-01 17:00:00,AWS-001,17.453411402211273,1012.0135311214124,72.11042246418177
2026-09-01 17:15:00,AWS-001,16.831157879471593,1011.823885527398,76.8197507484142
2026-09-01 17:30:00,AWS-001,17.249138911763726,1011.7932988603353,76.0156854772081
2026-09-01 17:45:00,AWS-001,17.786146897324155,1011.8305673619375,73.55842697735729
2026-09-01 18:00:00,AWS-001,16.982086980445025,1011.4408108396616,71.92483040710165
2026-09-01 18:15:00,AWS-001,17.799450441998175,1011.4263793162675,74.67807469041618
2026-09-01 18:30:00,AWS-001,15.758568556964644,1011.1333960615699,73.97978549288483
2026-09-01 18:45:00,AWS-001,17.56466900896177,1011.1739647115191,74.9380601201545
2026-09-01 19:00:00,AWS-001,17.316116923806536,1011.4022542029488,73.7626540720249
2026-09-01 19:15:00,AWS-001,17.27505528880622,1011.5261207248863,70.18903822093657
2026-09-01 19:30:00,AWS-001,17.654844128177455,1011.0693065833349,73.08149911106698
2026-09-01 19:45:00,AWS-001,16.831233610438048,1010.9210789218453,72.84185290085371
2026-09-01 20:00:00,AWS-001,17.96196082580573,1011.0001583876569,74.2577031063147
2026-09-01 20:15:00,AWS-001,18.52679938733551,1011.1231554983308,71.07564483531608
2026-09-01 20:30:00,AWS-001,19.392120300040872,1010.451420935598,75.25764945111368
2026-09-01 20:45:00,AWS-001,18.726146431031353,1010.1365597736676,67.45431601088116
2026-09-01 21:00:00,AWS-001,18.938898949061024,1010.6002058098827,73.22893671340346
2026-09-01 21:15:00,AWS-001,19.474354957407176,1010.3382863680682,69.44154928474484
2026-09-01 21:30:00,AWS-001,20.58760962678127,1010.4904368713121,70.85059117981793
2026-09-01 21:45:00,AWS-001,20.719813690673018,1010.5362352588637,68.49315646341151
2026-09-01 22:00:00,AWS-001,20.735119898116476,1010.3816635674982,69.77911107205094
2026-09-01 22:15:00,AWS-001,21.71832419480466,1010.88989278641,65.85960642417942
2026-09-01 22:30:00,AWS-001,21.987071315753298,1010.4882040734129,63.54301063512072
2026-09-01 22:45:00,AWS-001,22.912806772841147,1010.4159332546725,67.66260055408956
2026-09-01 23:00:00,AWS-001,22.57842109224115,1010.447714527653,63.65532438477354
2026-09-01 23:15:00,AWS-001,23.275446350572086,1009.8543843453249,63.369471777490354
2026-09-01 23:30:00,AWS-001,23.759736385673502,1010.4425397946864,64.42739671139037
2026-09-01 23:45:00,AWS-001,23.745017492092792,1010.0427088796829,58.917136454263286
2026-09-02 00:00:00,AWS-001,25.148060138532284,1010.2011441851723,61.190981795278525
2026-09-02 00:15:00,AWS-001,25.653752669931084,1009.6130046644445,57.83916354862209
2026-09-02 00:30:00,AWS-001,26.04676626608164,1009.4030661117348,57.77776840541049
2026-09-02 00:45:00,AWS-001,26.443429009441445,1010.0493326167484,57.218203100526665
2026-09-02 01:00:00,AWS-001,26.362866989794956,1009.8518704733892,53.117270600568325
2026-09-02 01:15:00,AWS-001,27.361193061042606,1009.4035935869035,53.620733934811724
2026-09-02 01:30:00,AWS-001,27.89011020065733,1009.3489204315853,56.96189429934994
2026-09-02 01:45:00,AWS-001,28.1371708871412,1009.8834779092557,55.138052023884576
2026-09-02 02:00:00,AWS-001,28.919357144166987,1009.1255383419348,52.37472084534554
2026-09-02 02:15:00,AWS-001,29.64658729256408,1009.9122325314678,52.15269342173176
2026-09-02 02:30:00,AWS-001,30.813184382675026,1009.0869348489992,50.28009355359629
2026-09-02 02:45:00,AWS-001,30.362055427216468,1009.48701748184,52.822979545154936
2026-09-02 03:00:00,AWS-001,30.785629444853754,1009.1360475925452,48.992693126613474
2026-09-02 03:15:00,AWS-001,30.97749550194873,1009.3555421697159,49.186087072085044
2026-09-02 03:30:00,AWS-001,30.38744111468036,1008.9521884189277,50.39176018391561
2026-09-02 03:45:00,AWS-001,31.63849996069575,1009.0083686545263,45.973212845770014
2026-09-02 04:00:00,AWS-001,31.95831833524602,1009.0122757526187,50.12719731222721
2026-09-02 04:15:00,AWS-001,33.40660298850415,1008.6432080619649,43.48598605752293
2026-09-02 04:30:00,AWS-001,32.29485577769973,1009.1111068375869,49.4010912745563
2026-09-02 04:45:00,AWS-001,32.726214707127646,1008.681080536323,45.050696889669474
2026-09-02 05:00:00,AWS-001,32.71005072545992,1008.7138971673805,45.025715110013415
2026-09-02 05:15:00,AWS-001,32.26194322441608,1008.4329086192902,41.50820045158566
2026-09-02 05:30:00,AWS-001,33.50297029824799,1007.9126082721613,44.218737644637464
2026-09-02 05:45:00,AWS-001,33.35883790225222,1008.5755070671742,42.952503089367184
2026-09-02 06:00:00,AWS-001,33.395515973521526,1009.3095710641107,43.78470730925306
2026-09-02 06:15:00,AWS-001,32.52817765851146,1008.7756531409738,44.75749421984318
2026-09-02 06:30:00,AWS-001,33.63295604645854,1008.4905422711217,47.04391030833866
2026-09-02 06:45:00,AWS-001,32.145356711829706,1008.375111844512,45.70342749675279
2026-09-02 07:00:00,AWS-001,33.02083515721269,1008.4200330872612,46.1264659124662
2026-09-02 07:15:00,AWS-001,33.67066884886584,1008.5384423653694,43.60500927988229
2026-09-02 07:30:00,AWS-001,31.895768097524957,1007.9828169308022,44.380298833125224
2026-09-02 07:45:00,AWS-001,31.891833067460123,1008.6358921453476,50.144358913712296
2026-09-02 08:00:00,AWS-001,31.978028912819333,1008.4825635870635,45.53921687370692
2026-09-02 08:15:00,AWS-001,31.400019071362266,1008.4516131890157,50.84037231957641
2026-09-02 08:30:00,AWS-001,30.571495006796816,1008.3377972385777,47.61357749786974
2026-09-02 08:45:00,AWS-001,31.04899994723484,1008.1841573474658,48.72697876010233
2026-09-02 09:00:00,AWS-001,30.125702392629336,1008.3540993057675,51.53412860266163
2026-09-02 09:15:00,AWS-001,30.511562736118144,1008.3057323866078,52.65359761737627
2026-09-02 09:30:00,AWS-001,29.410379314952866,1007.9999275277274,50.64695344431101
2026-09-02 09:45:00,AWS-001,30.219529066665586,1007.9140387966665,50.88996039766289
2026-09-02 10:00:00,AWS-001,28.608373353831894,1008.0987052360005,52.388159102955555
2026-09-02 10:15:00,AWS-001,28.37727876364918,1008.5169520868939,54.0415847031792
2026-09-02 10:30:00,AWS-001,28.46822606760556,1007.6666973164974,56.04235588826315
2026-09-02 10:45:00,AWS-001,26.956083564208317,1007.5864557561044,55.186867738440874
2026-09-02 11:00:00,AWS-001,27.184282328122244,1008.0665385296234,57.355486919508465
2026-09-02 11:15:00,AWS-001,27.214293953270253,1008.0248968572124,60.350364634299936
2026-09-02 11:30:00,AWS-001,25.24046792047981,1008.0562846528339,58.80472634122878
2026-09-02 11:45:00,AWS-001,25.6155419631073,1008.0742567844197,59.642258773557394
2026-09-02 12:00:00,AWS-001,25.129941397124217,1007.9330393236096,56.96217834981986
2026-09-02 12:15:00,AWS-001,24.867686402047525,1008.4480298566278,55.719586664793994
2026-09-02 12:30:00,AWS-001,23.337315106800556,1007.5240109599798,62.73464434176109
2026-09-02 12:45:00,AWS-001,22.779049117328846,1007.7610814392215,62.73670636768016
2026-09-02 13:00:00,AWS-001,23.190418421988287,1007.9861338492077,62.85272032670832
2026-09-02 13:15:00,AWS-001,22.576976614191302,1007.533756692484,65.3086523879201
2026-09-02 13:30:00,AWS-001,22.063778966252233,1007.9856731178639,65.61944402708251
2026-09-02 13:45:00,AWS-001,21.634914582996487,1008.5506870911637,68.8898908545528
2026-09-02 14:00:00,AWS-001,20.65998763921076,1008.0744142939106,67.67222173651794
2026-09-02 14:15:00,AWS-001,20.67156498442369,1008.1553296002512,66.83970692515369
2026-09-02 14:30:00,AWS-001,20.276444804579576,1007.728090311458,71.11175391304938
2026-09-02 14:45:00,AWS-001,19.368057770186276,1007.9432797240736,69.45592507660861
2026-09-02 15:00:00,AWS-001,20.276033006080006,1008.0396820208802,71.65967508514281
2026-09-02 15:15:00,AWS-001,19.22219800062408,1008.0829578211308,70.32277569979905
2026-09-02 15:30:00,AWS-001,18.057521529068797,1008.5907476554358,70.60064633337365
2026-09-02 15:45:00,AWS-001,18.676519905896562,1008.4034647895209,72.64038064490956
2026-09-02 16:00:00,AWS-001,17.584455934610837,1007.9345118053501,73.01603834385394
2026-09-02 16:15:00,AWS-001,18.218560369609722,1008.3755470704764,74.41274519372398
2026-09-02 16:30:00,AWS-001,18.18826152941341,1008.4865272999439,73.32090148104982
2026-09-02 16:45:00,AWS-001,17.014217804863303,1008.7163513423732,70.53123237488579
2026-09-02 17:00:00,AWS-001,17.75428145430962,1008.8874555253881,73.62333962715924
2026-09-02 17:15:00,AWS-001,17.36010822024241,1008.1494508357262,76.29941614033608
2026-09-02 17:30:00,AWS-001,17.479471189006766,1008.2530631316789,74.27692076212094
2026-09-02 17:45:00,AWS-001,17.965525105418145,1008.16299849693,74.47511704354996
2026-09-02 18:00:00,AWS-001,16.877305941998564,1008.5155804798948,76.97275301181188
2026-09-02 18:15:00,AWS-001,16.640260531912425,1008.7727229082882,73.5439373940612
2026-09-02 18:30:00,AWS-001,16.623683894196756,1008.9775087247765,71.78606648412135
2026-09-02 18:45:00,AWS-001,16.745812614291438,1008.70842812458,74.39051696699747
2026-09-02 19:00:00,AWS-001,17.2340425349804,1008.6865228850061,73.52053949183856
2026-09-02 19:15:00,AWS-001,17.595134951447477,1008.880572003939,72.27145930292008
2026-09-02 19:30:00,AWS-001,17.74730913957471,1008.6383166634719,73.50743607587194
2026-09-02 19:45:00,AWS-001,18.238609692256503,1009.5707259152077,74.4361024174839
2026-09-02 20:00:00,AWS-001,18.07829771566344,1008.5177016918645,72.97180393363095
2026-09-02 20:15:00,AWS-001,19.07501014015829,1009.1126287000167,73.08600632991066
2026-09-02 20:30:00,AWS-001,18.52084486105113,1009.7225044853309,75.52711550139938
2026-09-02 20:45:00,AWS-001,20.345366123462984,1009.1766258937593,70.59183938906955
2026-09-02 21:00:00,AWS-001,19.655979424390118,1009.1776214247694,71.16329898708757
2026-09-02 21:15:00,AWS-001,19.2966547009913,1009.1882662773144,68.87176050130277
2026-09-02 21:30:00,AWS-001,19.594462318899673,1009.303003564865,67.43870199535687
2026-09-02 21:45:00,AWS-001,20.796674343464762,1009.831285187894,67.16373818845851
2026-09-02 22:00:00,AWS-001,20.888268607337064,1008.8188033363961,66.54248285695665
2026-09-02 22:15:00,AWS-001,21.818690725294026,1010.0058775843202,67.35328194837929
2026-09-02 22:30:00,AWS-001,22.175151353366047,1009.1826322102327,70.43840305887788
2026-09-02 22:45:00,AWS-001,22.392069821246267,1009.5942133544405,63.389505106995756
2026-09-02 23:00:00,AWS-001,22.506050780145618,1009.6101742894704,63.04903506530692
2026-09-02 23:15:00,AWS-001,22.68185381152803,1009.9805317002721,62.80010880401945
2026-09-02 23:30:00,AWS-001,23.732532986206067,1009.3897564359745,62.74949058072029
2026-09-02 23:45:00,AWS-001,24.904974363320587,1010.0732136341811,61.50814856236173
2026-09-03 00:00:00,AWS-001,25.107046872065098,1010.6072928869861,62.568191587896244
2026-09-03 00:15:00,AWS-001,24.900355644485135,1009.6564859642657,54.16616892047747
2026-09-03 00:30:00,AWS-001,26.130800000685994,1010.1877181087434,53.268247376307905
2026-09-03 00:45:00,AWS-001,26.753381265993436,1009.9974396273201,56.0818888257378
2026-09-03 01:00:00,AWS-001,26.628623642719592,1010.388818546298,58.31231469854962
2026-09-03 01:15:00,AWS-001,27.648378275398038,1010.3315352800139,52.04711195724141
2026-09-03 01:30:00,AWS-001,28.0905718181437,1010.197734571319,48.244483835136165
2026-09-03 01:45:00,AWS-001,27.966824372836687,1010.60051421153,54.508028459153415
2026-09-03 02:00:00,AWS-001,29.178893680174134,1011.0589425231411,52.987314447405446
2026-09-03 02:15:00,AWS-001,29.724954127340933,1010.5232982169907,49.48602969110711
2026-09-03 02:30:00,AWS-001,30.41161705365739,1010.8588063132509,48.89749936342736
2026-09-03 02:45:00,AWS-001,30.801667546817992,1010.3165182084812,48.17032533422964
2026-09-03 03:00:00,AWS-001,29.968019565513828,1010.4784359516848,49.61446891714968
2026-09-03 03:15:00,AWS-001,30.54580593987425,1010.9671359429728,47.469772335449335
2026-09-03 03:30:00,AWS-001,31.60434435593421,1011.3298121889989,49.08782773358252
2026-09-03 03:45:00,AWS-001,31.908649873876456,1011.0494774782877,41.818702489653056
2026-09-03 04:00:00,AWS-001,32.18572707342853,1010.9060825908431,45.29591521297784
2026-09-03 04:15:00,AWS-001,34.10134767758886,1011.0559231229278,44.29480095518758
2026-09-03 04:30:00,AWS-001,32.67648151543687,1010.7360181458482,45.62912565558572
2026-09-03 04:45:00,AWS-001,33.14322385605114,1011.3463099916422,44.719952540593155
2026-09-03 05:00:00,AWS-001,33.20440749205914,1011.4822227767145,47.10680016545552
2026-09-03 05:15:00,AWS-001,33.17197786887874,1011.1331594684774,41.56954725063144
2026-09-03 05:30:00,AWS-001,32.77392426867031,1011.1776789858724,45.21931003205435
2026-09-03 05:45:00,AWS-001,33.362355996155465,1011.4469480729414,46.14878899784436
2026-09-03 06:00:00,AWS-001,32.61358739273121,1011.283197641561,48.71329487312391
2026-09-03 06:15:00,AWS-001,32.86446208253882,1011.4398883610079,44.06858420923399
2026-09-03 06:30:00,AWS-001,32.68887711707593,1012.1335961517079,45.777244288097876
2026-09-03 06:45:00,AWS-001,32.88721931291901,1011.4719131965018,41.680495208826805
2026-09-03 07:00:00,AWS-001,33.88473589364931,1011.4792046349761,40.72720019703792
2026-09-03 07:15:00,AWS-001,31.641808439664977,1011.4314308274926,47.4855968091368
2026-09-03 07:30:00,AWS-001,32.73416635527756,1011.8861968160551,46.13068642503455
2026-09-03 07:45:00,AWS-001,31.368623996666685,1011.6440371110876,48.90393425660652
2026-09-03 08:00:00,AWS-001,31.692237297380796,1011.5372388960724,44.26281316529391
2026-09-03 08:15:00,AWS-001,32.19623219690405,1012.1602337383787,48.56776009451932
2026-09-03 08:30:00,AWS-001,31.378966731877625,1012.2196263844194,51.837335576719155
2026-09-03 08:45:00,AWS-001,30.475846070867178,1011.6416005801208,49.56181410452985
2026-09-03 09:00:00,AWS-001,30.299202394862405,1011.2877970796144,49.94656129338387
2026-09-03 09:15:00,AWS-001,30.614565395267896,1012.1740659604657,50.12692493514765
2026-09-03 09:30:00,AWS-001,29.50490811621121,1011.6884713112622,47.72681565061734
2026-09-03 09:45:00,AWS-001,29.55279115894782,1012.1510683512132,54.37759237612664
2026-09-03 10:00:00,AWS-001,29.02278591995192,1011.3408205072647,51.27828472038985
2026-09-03 10:15:00,AWS-001,28.212509347949112,1012.2155331600445,54.374636159481
2026-09-03 10:30:00,AWS-001,29.133439503583386,1011.5982189820222,51.13367990138113
2026-09-03 10:45:00,AWS-001,27.888475233584316,1012.1925158998897,52.81948869143698
2026-09-03 11:00:00,AWS-001,26.05798106749138,1011.9871716430985,58.98788912190663
2026-09-03 11:15:00,AWS-001,26.653949733513752,1011.7041876275255,56.37904059184237
2026-09-03 11:30:00,AWS-001,25.713316305376228,1011.8736069525992,60.9486580687843
2026-09-03 11:45:00,AWS-001,25.949441701239266,1012.2048247120398,58.8624917434308
2026-09-03 12:00:00,AWS-001,24.603739630783668,1012.0317683359345,56.31620445408425
2026-09-03 12:15:00,AWS-001,24.419406745425423,1012.1742530690946,62.76518213791556
2026-09-03 12:30:00,AWS-001,24.20828410172983,1012.5886500218319,60.77810824778953
2026-09-03 12:45:00,AWS-001,23.872155020956043,1011.5210969698311,64.323732457276
2026-09-03 13:00:00,AWS-001,22.329299435651954,1012.4680534952382,63.93270741161796
2026-09-03 13:15:00,AWS-001,22.261233659654238,1012.0045934454267,61.73535552366168
2026-09-03 13:30:00,AWS-001,21.701059885498818,1011.6919353463095,66.06884101621746
2026-09-03 13:45:00,AWS-001,21.135025861961157,1011.548659870833,71.02677663759057
2026-09-03 14:00:00,AWS-001,21.882727120140554,1011.8751155353451,68.4859729170289
2026-09-03 14:15:00,AWS-001,20.757928991323677,1012.1903757050418,68.21851798928307
2026-09-03 14:30:00,AWS-001,19.499466590762715,1011.855595522877,71.2821082390446
2026-09-03 14:45:00,AWS-001,20.184164452726847,1012.3251583325888,70.31152415690724
2026-09-03 15:00:00,AWS-001,20.404223849013956,1011.4124063580072,71.02567017832378
2026-09-03 15:15:00,AWS-001,19.501514170443762,1011.8181009654886,69.09434676786644
2026-09-03 15:30:00,AWS-001,17.893488294693125,1011.4180274497414,72.36799615594771
2026-09-03 15:45:00,AWS-001,18.106126065146515,1011.8729320934842,74.54293101737207
2026-09-03 16:00:00,AWS-001,18.705252344317813,1011.9981170245981,71.31825675256651
2026-09-03 16:15:00,AWS-001,17.471183334929115,1011.5721758249489,76.3020827654842
2026-09-03 16:30:00,AWS-001,17.830873453982825,1010.8816750676169,73.67478093937905
2026-09-03 16:45:00,AWS-001,17.81187599075383,1011.6853778132221,72.42841291934948
2026-09-03 17:00:00,AWS-001,16.809128153898413,1011.7177282461025,76.48415154817651
2026-09-03 17:15:00,AWS-001,17.12395507874326,1011.667309333214,74.13819073457191
2026-09-03 17:30:00,AWS-001,15.447807438974984,1011.8744142725046,76.39070269557936
2026-09-03 17:45:00,AWS-001,16.504934793424024,1011.1384120415009,74.38436658406198
2026-09-03 18:00:00,AWS-001,16.87371592430342,1011.6182783940083,74.88034771294019
2026-09-03 18:15:00,AWS-001,16.393237023108746,1011.7249368577891,75.95500425724764
2026-09-03 18:30:00,AWS-001,17.884646760975333,1010.7851153549982,75.45346703578717
2026-09-03 18:45:00,AWS-001,16.438647067793834,1011.364682116103,70.72071564514499
2026-09-03 19:00:00,AWS-001,17.05257114633896,1011.0662689087152,72.24639991414725
2026-09-03 19:15:00,AWS-001,17.489929252682195,1011.1404985918051,76.06277191200823
2026-09-03 19:30:00,AWS-001,18.329600384442763,1011.2154434111006,73.59391980986621
2026-09-03 19:45:00,AWS-001,17.107086992148766,1010.9099671320666,72.40562851744748
2026-09-03 20:00:00,AWS-001,18.653378645801958,1010.7972875762515,70.27323302625166
2026-09-03 20:15:00,AWS-001,18.353359632089425,1010.9530391988984,70.3125715419865
2026-09-03 20:30:00,AWS-001,18.16241895214613,1010.5584035987791,67.85670282444465
2026-09-03 20:45:00,AWS-001,19.216333277299796,1010.4996665209432,71.07503567478163
2026-09-03 21:00:00,AWS-001,19.442675598294343,1010.969178849617,69.40972655663613
2026-09-03 21:15:00,AWS-001,19.425125040620035,1010.3598618852949,67.95701144453044
2026-09-03 21:30:00,AWS-001,20.164809610425237,1010.8427726808791,68.99517458479491
2026-09-03 21:45:00,AWS-001,20.362781337412287,1010.7193467423651,69.06149475699954
2026-09-03 22:00:00,AWS-001,21.056758672625598,1009.999896071568,71.68639586441994
2026-09-03 22:15:00,AWS-001,21.792755815508503,1010.250883130368,63.61056351415861
2026-09-03 22:30:00,AWS-001,22.73154094915194,1010.7484134649465,68.05901357207743
2026-09-03 22:45:00,AWS-001,21.809576528161276,1010.0314412874473,66.76779510157758
2026-09-03 23:00:00,AWS-001,23.99596432650795,1010.1217311057472,62.32410019778444
2026-09-03 23:15:00,AWS-001,22.463233524109693,1010.3346525486346,63.33282673941404
2026-09-03 23:30:00,AWS-001,23.879897914721784,1010.3658234112451,61.042626384625564
2026-09-03 23:45:00,AWS-001,24.77093356940112,1009.9899764998302,61.352424099289664
2026-09-04 00:00:00,AWS-001,25.14049593386751,1009.8207469415925,63.01826202680912
2026-09-04 00:15:00,AWS-001,25.211875273930833,1010.3612727928661,60.23016552681051
2026-09-04 00:30:00,AWS-001,25.940148412581745,1010.390863640679,59.05932386316616
2026-09-04 00:45:00,AWS-001,26.3142221087996,1010.0976231345754,56.21302652984881
2026-09-04 01:00:00,AWS-001,26.775869982348038,1009.7645430583294,53.14960099361356
2026-09-04 01:15:00,AWS-001,27.996316770935803,1009.4317293367185,54.761471599371774
2026-09-04 01:30:00,AWS-001,28.239975201903228,1009.3606860340008,56.67296482425151
2026-09-04 01:45:00,AWS-001,28.191854724121658,1009.702601705511,50.311333933535735
2026-09-04 02:00:00,AWS-001,29.449799937716616,1009.6078813760615,50.389821263646624
2026-09-04 02:15:00,AWS-001,29.598211624595105,1009.839910223375,51.91898197717414
2026-09-04 02:30:00,AWS-001,30.27652249148924,1009.5522560971546,48.89926899517467
2026-09-04 02:45:00,AWS-001,30.589580941762346,1008.8445758136296,48.524765879268564
2026-09-04 03:00:00,AWS-001,30.242356744031326,1009.5502174205867,48.546201118745465
2026-09-04 03:15:00,AWS-001,30.734627939733326,1008.875167752197,45.99116807943505
2026-09-04 03:30:00,AWS-001,31.7204735248915,1009.0002312379762,46.15145620319876
2026-09-04 03:45:00,AWS-001,31.956942031137093,1009.1322665882235,48.93481164903644
2026-09-04 04:00:00,AWS-001,31.917752433293426,1009.5987002469352,44.394879378771506
2026-09-04 04:15:00,AWS-001,32.23364562391588,1009.8768398655009,43.35116460802002
2026-09-04 04:30:00,AWS-001,33.0298687079845,1009.0708764517017,44.881757053262916
2026-09-04 04:45:00,AWS-001,32.27965534154292,1008.7800856206483,47.25995906259312
2026-09-04 05:00:00,AWS-001,33.00095530089756,1008.9428288365267,45.117268989670194
2026-09-04 05:15:00,AWS-001,32.7451859170089,1008.9975100594348,44.35905863772032
2026-09-04 05:30:00,AWS-001,32.82271828937687,1008.5851080821327,45.21704467442406
2026-09-04 05:45:00,AWS-001,33.53225981190243,1009.171378802728,41.540701285701644
2026-09-04 06:00:00,AWS-001,33.412708174494014,1008.6548076653843,45.989411307550064
2026-09-04 06:15:00,AWS-001,33.389626203909145,1008.6895947813318,45.79898621422823
2026-09-04 06:30:00,AWS-001,33.58429829456765,1008.6960976606584,44.3097101312014
2026-09-04 06:45:00,AWS-001,32.85678416404223,1008.5804550764589,47.30006981754436
2026-09-04 07:00:00,AWS-001,33.06838309596003,1008.6649754695585,43.25612040775789
2026-09-04 07:15:00,AWS-001,32.420307657664125,1008.1891306748528,48.05186604408054
2026-09-04 07:30:00,AWS-001,32.553119436334526,1008.1695702492111,46.450794343521174
2026-09-04 07:45:00,AWS-001,32.10991040507768,1007.9715493670554,45.873803697253315
2026-09-04 08:00:00,AWS-001,31.97670121277188,1008.3997995616172,46.96987167249677
2026-09-04 08:15:00,AWS-001,31.949335411138822,1008.4698384223569,47.313426283839924
2026-09-04 08:30:00,AWS-001,30.93771638071316,1008.3435863767802,50.54026568846689
2026-09-04 08:45:00,AWS-001,32.06091209767457,1008.6806200801619,46.56904463287327
2026-09-04 09:00:00,AWS-001,30.15384555874254,1008.1505621293287,47.868359803908575
2026-09-04 09:15:00,AWS-001,29.667672214406704,1008.3288106431631,52.18241855764389
2026-09-04 09:30:00,AWS-001,30.449146868819806,1007.778629478168,49.67750869450146
2026-09-04 09:45:00,AWS-001,29.8403932111383,1007.9699894177933,53.46751265936912
2026-09-04 10:00:00,AWS-001,29.312059908526106,1008.2768096746915,55.89887196601737
2026-09-04 10:15:00,AWS-001,28.852482276384162,1008.3069766746682,52.56207959283169
2026-09-04 10:30:00,AWS-001,28.055344072497284,1007.9502393548943,55.622473167674215
2026-09-04 10:45:00,AWS-001,27.122888536682385,1008.0052335602728,52.87102345777285
2026-09-04 11:00:00,AWS-001,27.108454639917046,1007.5617481532481,57.62718091959777
2026-09-04 11:15:00,AWS-001,26.222141720373,1007.9025217864136,57.472493141731555
2026-09-04 11:30:00,AWS-001,26.5317694044693,1008.2713971025787,58.98818368101963
2026-09-04 11:45:00,AWS-001,25.4496963430901,1008.1736323298792,57.72780891747702
2026-09-04 12:00:00,AWS-001,24.58725140160375,1008.1501997164144,56.67783316886564
2026-09-04 12:15:00,AWS-001,24.31608204533238,1008.0160029312016,61.98755106795112
2026-09-04 12:30:00,AWS-001,24.162256189377427,1008.0064011011112,57.831086578341804
2026-09-04 12:45:00,AWS-001,23.157415147469,1007.8115342048135,62.291653845756834
2026-09-04 13:00:00,AWS-001,22.51833744139664,1008.2267588033131,65.76464940937771
2026-09-04 13:15:00,AWS-001,22.55032788332067,1008.1530052191471,65.20538745129348
2026-09-04 13:30:00,AWS-001,22.061015826633657,1008.1860350935914,69.63693677505594
2026-09-04 13:45:00,AWS-001,21.208218890562453,1007.894435588645,68.6845486584485
2026-09-04 14:00:00,AWS-001,20.76448084719085,1007.4221454714605,66.19220322334883
2026-09-04 14:15:00,AWS-001,20.67146310452202,1008.4152651420617,68.38818025499688
2026-09-04 14:30:00,AWS-001,19.40586639718158,1007.9624885042073,69.03668003004194
2026-09-04 14:45:00,AWS-001,19.021501592011184,1007.8693554172725,66.72583369980876
2026-09-04 15:00:00,AWS-001,18.98392363988142,1008.3602846085516,68.72580388482946
2026-09-04 15:15:00,AWS-001,18.878557964312265,1008.0606685581819,70.15607529822493
2026-09-04 15:30:00,AWS-001,18.808627060469135,1008.5242354321487,67.82785909865663
2026-09-04 15:45:00,AWS-001,19.08592121005443,1008.4212592561763,72.56703112104144
2026-09-04 16:00:00,AWS-001,18.50062658132551,1008.4730199893913,72.49223736746049
2026-09-04 16:15:00,AWS-001,17.74504880275679,1007.8918089235866,70.10730332036715
2026-09-04 16:30:00,AWS-001,17.599455635958368,1008.7006439710108,74.66661871822396
2026-09-04 16:45:00,AWS-001,16.923294281720256,1008.452681790187,75.6356974318085
2026-09-04 17:00:00,AWS-001,17.263336821691265,1008.3025101776437,74.94295635206578
2026-09-04 17:15:00,AWS-001,17.00938843731409,1008.4969956334771,74.0636428556305
2026-09-04 17:30:00,AWS-001,17.229800389178564,1007.9634498151726,76.05455722411087
2026-09-04 17:45:00,AWS-001,16.603513142315013,1008.6628676980486,76.32832456953243
2026-09-04 18:00:00,AWS-001,17.259673257120586,1008.2769749851723,75.61480713943938
2026-09-04 18:15:00,AWS-001,17.783498070592458,1008.2270143102012,73.31865934770953
2026-09-04 18:30:00,AWS-001,17.014061034781083,1008.2246006139344,75.42487445162952
2026-09-04 18:45:00,AWS-001,17.354573617823622,1009.0650199441696,77.10274050769942
2026-09-04 19:00:00,AWS-001,17.617665385543006,1008.5936981238747,73.29562927711257
2026-09-04 19:15:00,AWS-001,17.223948728096232,1009.2951629192394,78.39983062069146
2026-09-04 19:30:00,AWS-001,17.7210099808149,1008.7281190950451,72.80693111969856
2026-09-04 19:45:00,AWS-001,17.831314268129383,1008.4316569114214,73.51790514967061
2026-09-04 20:00:00,AWS-001,18.120634818998894,1008.6650426680154,71.64540986475393
2026-09-04 20:15:00,AWS-001,17.9617382096519,1009.42795001235,72.91858585637871
2026-09-04 20:30:00,AWS-001,18.665428364799578,1009.068653166181,68.415856719098
2026-09-04 20:45:00,AWS-001,19.234280685790885,1009.010099751444,70.18551351455126
2026-09-04 21:00:00,AWS-001,20.06871755440513,1009.2826386030257,68.4223593171011
2026-09-04 21:15:00,AWS-001,20.204868892242036,1009.4460347250077,70.16086392228566
2026-09-04 21:30:00,AWS-001,21.206499796686007,1009.6923407141644,71.12031618614863
2026-09-04 21:45:00,AWS-001,20.17176435439914,1009.8539804144589,69.62556586952317
2026-09-04 22:00:00,AWS-001,21.43616031836031,1009.3744313160582,62.75668127828227
2026-09-04 22:15:00,AWS-001,21.553361481117154,1009.1480331681067,70.7184696591408
2026-09-04 22:30:00,AWS-001,23.033434007688093,1009.4857798076307,66.33081136671812
2026-09-04 22:45:00,AWS-001,22.024335134897125,1009.7522932051857,63.26859369856143
2026-09-04 23:00:00,AWS-001,22.509586718089427,1009.4498199376967,64.19654151451972
2026-09-04 23:15:00,AWS-001,23.139581101148934,1009.5168204448725,63.27873447524737
2026-09-04 23:30:00,AWS-001,22.89384260008467,1009.9723301060046,60.624195449397675
2026-09-04 23:45:00,AWS-001,24.213897455318453,1009.9199661288853,61.376880273136344
2026-09-05 00:00:00,AWS-001,24.620433669223143,1010.0098390986235,58.7850554247594
2026-09-05 00:15:00,AWS-001,25.59842192707923,1009.8378895652335,58.21022907616784
2026-09-05 00:30:00,AWS-001,26.215087525648965,1010.0616860441986,56.66954884518911
2026-09-05 00:45:00,AWS-001,27.498807995736957,1009.9187643373785,54.2083025902788
2026-09-05 01:00:00,AWS-001,27.545764279913165,1010.5281119077775,56.409387263892995
2026-09-05 01:15:00,AWS-001,27.283063894594058,1010.6363657472064,56.34900689348531
2026-09-05 01:30:00,AWS-001,27.612260123246525,1009.8363242853609,55.28951570667643
2026-09-05 01:45:00,AWS-001,28.784269107505235,1010.1752992680109,55.0055201519855
2026-09-05 02:00:00,AWS-001,28.339883396489668,1010.0686793136781,53.148680420029756
2026-09-05 02:15:00,AWS-001,30.36029124708397,1010.3855621741869,50.60099550827219
2026-09-05 02:30:00,AWS-001,30.45981149243038,1010.6178475396692,52.54790629373162
2026-09-05 02:45:00,AWS-001,30.040178694748185,1010.269606529933,47.39477769381512
2026-09-05 03:00:00,AWS-001,29.80028698494692,1010.4888089207925,47.59205551717687
2026-09-05 03:15:00,AWS-001,31.691654646914518,1010.5242268479843,46.794002744968864
2026-09-05 03:30:00,AWS-001,31.289556799703558,1010.9467575792577,50.25981201391012
2026-09-05 03:45:00,AWS-001,32.270665054407075,1010.9635967747629,49.41353284374201
2026-09-05 04:00:00,AWS-001,46.13098940087832,1010.7834787339988,47.98422941732343
2026-09-05 04:15:00,AWS-001,31.87529442078461,1011.1091819629426,48.69076860743329
2026-09-05 04:30:00,AWS-001,32.39365810994938,1010.947136440663,44.383241447506734
2026-09-05 04:45:00,AWS-001,32.59893133284321,1011.0834588606377,46.49323829729539
2026-09-05 05:00:00,AWS-001,32.50237387457291,1011.719558485107,45.260763748897666
2026-09-05 05:15:00,AWS-001,33.15770720939959,1011.6709248838644,46.981985001721384
2026-09-05 05:30:00,AWS-001,32.39774867629918,1010.928817259122,44.89787861428845
2026-09-05 05:45:00,AWS-001,32.91168164339818,1011.6161043294095,44.26223037460079
2026-09-05 06:00:00,AWS-001,33.06014781585595,1011.6576325287206,46.08181703712198
2026-09-05 06:15:00,AWS-001,33.240090802938205,1011.1152491587699,46.78445448580341
2026-09-05 06:30:00,AWS-001,33.287366330034935,1011.7493129080844,43.79163668969924
2026-09-05 06:45:00,AWS-001,32.283961197306915,1012.0074004822493,45.16606945124678
2026-09-05 07:00:00,AWS-001,31.96034952494474,1011.2499432387091,43.39423133838066
2026-09-05 07:15:00,AWS-001,33.214279446910105,1011.3504425228789,40.79992602258752
2026-09-05 07:30:00,AWS-001,32.557193266080105,1011.9682376646582,46.54272627515813
2026-09-05 07:45:00,AWS-001,31.80073866398324,1011.7798529563008,47.764719589518926
2026-09-05 08:00:00,AWS-001,32.703779218036786,1011.8974936901407,47.53375256140684
2026-09-05 08:15:00,AWS-001,31.709594215566796,1011.8660192936169,43.628832379953074
2026-09-05 08:30:00,AWS-001,31.936475314361807,1011.9109542593437,47.398001035478494
2026-09-05 08:45:00,AWS-001,31.048477700536896,1011.4237860113491,44.28570736771314
2026-09-05 09:00:00,AWS-001,31.687228211933384,1012.161954377009,52.13280049751013
2026-09-05 09:15:00,AWS-001,31.152436942022174,1012.2226888512429,47.937703609262755
2026-09-05 09:30:00,AWS-001,29.745609357830258,1011.8250430357698,53.379385783788926
2026-09-05 09:45:00,AWS-001,29.930347339634015,1011.9008375865203,53.55818579207422
2026-09-05 10:00:00,AWS-001,29.3226879747926,1011.4725194018115,50.69881929492783
2026-09-05 10:15:00,AWS-001,29.222625300518196,1012.1020303853601,51.10009974417947
2026-09-05 10:30:00,AWS-001,27.57900572863069,1012.1331877933206,54.960488947296284
2026-09-05 10:45:00,AWS-001,27.914541452424547,1011.95462935907,53.489759946086366
2026-09-05 11:00:00,AWS-001,27.59976460424498,1012.3201957307087,56.322683607778565
2026-09-05 11:15:00,AWS-001,25.681352832917497,1011.8901462840505,56.10798998814418
2026-09-05 11:30:00,AWS-001,25.45258028142754,1012.1650996242453,54.47979028776793
2026-09-05 11:45:00,AWS-001,24.503608944961123,1011.6930298733452,54.55801702329889
2026-09-05 12:00:00,AWS-001,24.865296582777756,1011.9929343547377,60.45336849698912
2026-09-05 12:15:00,AWS-001,24.835546094056856,1011.946622897582,59.85793144579086
2026-09-05 12:30:00,AWS-001,24.706968988287635,1012.0633102230895,60.85171324947245
2026-09-05 12:45:00,AWS-001,23.476324814080876,1011.8795113746944,64.31808250842947
2026-09-05 13:00:00,AWS-001,23.743755411965505,1011.943447944046,66.22917022980265
2026-09-05 13:15:00,AWS-001,21.7384335484673,1012.2211008156022,64.27650253682374
2026-09-05 13:30:00,AWS-001,21.086841321401725,1011.830541289635,65.05905407165659
2026-09-05 13:45:00,AWS-001,21.433916628799707,1011.4657808283331,67.63461641951274
2026-09-05 14:00:00,AWS-001,21.192032724469666,1012.4567268238399,64.78612886060083
2026-09-05 14:15:00,AWS-001,20.539090761796157,1012.3283168950716,68.7798596047894
2026-09-05 14:30:00,AWS-001,19.096187517910327,1011.5061814504586,70.23519337877507
2026-09-05 14:45:00,AWS-001,19.68067345944307,1012.0787241950882,71.25064764333626
2026-09-05 15:00:00,AWS-001,18.690911000255216,1011.6968666338572,66.73309631279324
2026-09-05 15:15:00,AWS-001,19.320117814583206,1011.9007738144417,69.75488657256678
2026-09-05 15:30:00,AWS-001,18.83647240071856,1011.8820127217693,70.14377359872157
2026-09-05 15:45:00,AWS-001,17.878303208415982,1011.6935201886018,72.67181809335656
2026-09-05 16:00:00,AWS-001,17.814863311056154,1011.496921107893,73.95187021630254
2026-09-05 16:15:00,AWS-001,17.29541130679403,1011.4912420473584,76.44651193788226
2026-09-05 16:30:00,AWS-001,17.577624191273127,1011.3880816499608,72.86826202693315
2026-09-05 16:45:00,AWS-001,17.902130124289783,1011.376146706714,73.20880694580815
2026-09-05 17:00:00,AWS-001,16.779730366519694,1011.5665531935676,76.7882314320935
2026-09-05 17:15:00,AWS-001,17.40574101453308,1011.3312929099923,75.30493308310906
2026-09-05 17:30:00,AWS-001,16.8033122998233,1011.7082952346717,77.4069759429831
2026-09-05 17:45:00,AWS-001,16.62069219796,1011.9059019919964,75.54533985459872
2026-09-05 18:00:00,AWS-001,16.94648482002272,1011.2401975899621,72.68576676257346
2026-09-05 18:15:00,AWS-001,16.499507452881485,1011.4390059542063,72.30162713902344
2026-09-05 18:30:00,AWS-001,16.791616456335923,1011.4685971632911,71.76864842248929
2026-09-05 18:45:00,AWS-001,16.554778810479725,1011.4103872496031,76.03588287556542
2026-09-05 19:00:00,AWS-001,18.25495595614564,1011.2403094383923,76.86608104051007
2026-09-05 19:15:00,AWS-001,17.442190740025012,1011.3877601192435,77.90267622519936
2026-09-05 19:30:00,AWS-001,17.259100985913403,1011.2558151518433,75.54440365231581
2026-09-05 19:45:00,AWS-001,17.9320080231056,1010.6848369746025,75.77876827806031
2026-09-05 20:00:00,AWS-001,18.015632744879063,1011.2607468193168,71.83034839145924
2026-09-05 20:15:00,AWS-001,18.237758301813006,1011.208980724832,70.1592125510505
2026-09-05 20:30:00,AWS-001,18.96025662769182,1010.6555915491845,73.60045876920366
2026-09-05 20:45:00,AWS-001,19.364035395191813,1010.836795410243,72.1129586166635
2026-09-05 21:00:00,AWS-001,19.077895176702345,1010.9703655625734,70.82149046648003
2026-09-05 21:15:00,AWS-001,19.43732435887709,1010.6417059499687,70.66493018776706
2026-09-05 21:30:00,AWS-001,19.99238271935438,1010.9647723449361,69.77779240004729
2026-09-05 21:45:00,AWS-001,19.404477553475374,1011.2897311028947,70.90118721500119
2026-09-05 22:00:00,AWS-001,20.242404468900695,1010.2818422804146,70.08997116963397
2026-09-05 22:15:00,AWS-001,22.145127611970235,1010.0398391451225,67.72277105796574
2026-09-05 22:30:00,AWS-001,22.761016397829895,1010.4813262227137,67.43185723060225
2026-09-05 22:45:00,AWS-001,22.303966257796482,1010.542259698327,65.84971708439704
2026-09-05 23:00:00,AWS-001,23.217726120707695,1010.1917924722866,62.95994621246861
2026-09-05 23:15:00,AWS-001,23.59490250114271,1010.6320124796554,64.43948418006826
2026-09-05 23:30:00,AWS-001,25.495230866467192,1009.7292245185433,59.16890274558228
2026-09-05 23:45:00,AWS-001,25.036562421876116,1010.273313752553,63.08883004304396
2026-09-06 00:00:00,AWS-001,24.936041204259578,1009.8182417537723,57.610954120468
2026-09-06 00:15:00,AWS-001,25.04545481354091,1010.4503752062187,59.59055963513735
2026-09-06 00:30:00,AWS-001,25.240986377631593,1010.4669483474901,56.351799199846965
2026-09-06 00:45:00,AWS-001,26.66245439406262,1009.5739687430059,58.180423135906956
2026-09-06 01:00:00,AWS-001,26.69237698817799,1009.5740804747874,56.04986387160642
2026-09-06 01:15:00,AWS-001,26.86038886762642,1009.9320854193047,51.98889610412598
2026-09-06 01:30:00,AWS-001,27.738181016799437,1009.4936801610309,55.10114777656065
2026-09-06 01:45:00,AWS-001,27.997535519944783,1009.5322241085516,52.209828093049616
2026-09-06 02:00:00,AWS-001,29.843570817536268,1009.4899784359576,54.26229344162676
2026-09-06 02:15:00,AWS-001,29.885381742631523,1008.8435286986318,51.669097882174825
2026-09-06 02:30:00,AWS-001,29.866105111411446,1009.3529697455654,51.65942053564528
2026-09-06 02:45:00,AWS-001,31.01473859024553,1009.0885815719382,48.19467486346861
2026-09-06 03:00:00,AWS-001,30.695538403316167,1009.0866962885499,48.2147338193471
2026-09-06 03:15:00,AWS-001,30.584076359167682,1009.6076755414318,47.805125615613186
2026-09-06 03:30:00,AWS-001,32.10838876096468,1008.7384705512782,49.813104856116645
2026-09-06 03:45:00,AWS-001,31.92121192026267,1009.3011680823723,50.882709991072836
2026-09-06 04:00:00,AWS-001,31.409580153112273,1008.9163111209004,45.39927543974769
2026-09-06 04:15:00,AWS-001,32.0798125932197,1008.8599362481506,48.70060516632504
2026-09-06 04:30:00,AWS-001,31.953227133397895,1009.1259711027764,41.80245217687933
2026-09-06 04:45:00,AWS-001,31.884041170478667,1008.9370599946351,43.40766925538885
2026-09-06 05:00:00,AWS-001,33.19049538407836,1008.9536610411484,43.59355569329043
2026-09-06 05:15:00,AWS-001,33.8009905634609,1009.0216688298326,42.583203415070116
2026-09-06 05:30:00,AWS-001,32.23227510408091,1008.581915854845,41.96115029981769
2026-09-06 05:45:00,AWS-001,33.26435600425412,1008.4491443756019,45.85811397569655
2026-09-06 06:00:00,AWS-001,32.674678715439086,1008.2602412796596,44.571864604544274
2026-09-06 06:15:00,AWS-001,32.739308694026484,1008.2926486956108,45.79092694663116
2026-09-06 06:30:00,AWS-001,32.635361928871056,1009.3810487126347,46.509272451635866
2026-09-06 06:45:00,AWS-001,32.414286858385935,1008.8273829674955,45.8194547802966
2026-09-06 07:00:00,AWS-001,32.75166742428497,1008.0079710095551,46.826638957964704
2026-09-06 07:15:00,AWS-001,32.159965977755334,1007.9775692437937,45.656983485088865
2026-09-06 07:30:00,AWS-001,32.52626467298022,1008.4816205939104,43.767820235719206
2026-09-06 07:45:00,AWS-001,32.14986287753696,1008.4657750761603,48.662537238651225
2026-09-06 08:00:00,AWS-001,31.80872920684232,1008.4326143430263,45.831394677671135
2026-09-06 08:15:00,AWS-001,31.19797506739957,1008.1596707332371,45.656763217936955
2026-09-06 08:30:00,AWS-001,31.058441057045748,1008.1686182389338,47.743864144022616
2026-09-06 08:45:00,AWS-001,31.392414072744717,1008.2766362074054,46.89678104922227
2026-09-06 09:00:00,AWS-001,30.90731284330458,1008.1780088368654,48.5585375182229
2026-09-06 09:15:00,AWS-001,29.785988898401317,1007.4623980346612,50.797920616625824
2026-09-06 09:30:00,AWS-001,29.919757584784413,1008.0371998518372,51.565262043361386
2026-09-06 09:45:00,AWS-001,29.820255425842735,1007.8306973982575,49.87078637185467
2026-09-06 10:00:00,AWS-001,28.16529735943932,1008.1207117730944,51.5245892541025
2026-09-06 10:15:00,AWS-001,28.80998961794202,1008.9478237422263,55.51433565625539
2026-09-06 10:30:00,AWS-001,27.73015557944782,1008.1486739388358,55.25254874999149
2026-09-06 10:45:00,AWS-001,27.85681505672188,1007.9326544299785,59.32853809914964
2026-09-06 11:00:00,AWS-001,26.688922782548957,1008.2936507278456,58.477970670945155
2026-09-06 11:15:00,AWS-001,25.6582815257968,1008.1544369128184,59.362231306877895
2026-09-06 11:30:00,AWS-001,25.230438318818848,1008.1303105006583,55.26637001578759
2026-09-06 11:45:00,AWS-001,25.54726750717189,1008.1831260030119,60.54667376481459
2026-09-06 12:00:00,AWS-001,25.12986125086078,1008.6169630694488,59.89378639660611
2026-09-06 12:15:00,AWS-001,24.024616653606675,1007.6618042944494,59.879083331375604
2026-09-06 12:30:00,AWS-001,24.275086691628278,1008.1463717765663,62.29392356436582
2026-09-06 12:45:00,AWS-001,22.608517392736537,1007.7317162076611,64.81677789946481
2026-09-06 13:00:00,AWS-001,22.8964077398562,1008.1837640711551,64.88394885854619
2026-09-06 13:15:00,AWS-001,21.82297617769349,1007.7511073823844,63.064644376863285
2026-09-06 13:30:00,AWS-001,21.61261448717825,1007.913219395112,67.2251693126615
2026-09-06 13:45:00,AWS-001,21.485389813906227,1007.9637190671739,65.35915526913304
2026-09-06 14:00:00,AWS-001,20.569793317358037,1008.3608933632253,67.93336623792854
2026-09-06 14:15:00,AWS-001,20.363160363728316,1008.3616556617183,67.72685336033969
2026-09-06 14:30:00,AWS-001,20.633054972537487,1007.7324245280759,68.69368893165951
2026-09-06 14:45:00,AWS-001,19.43678754443789,1008.1446683797853,71.42267317658202
2026-09-06 15:00:00,AWS-001,19.760991806540193,1007.9393669785526,68.52621427816642
2026-09-06 15:15:00,AWS-001,18.4204281128394,1007.800720876955,75.16798726073847
2026-09-06 15:30:00,AWS-001,18.918075366627775,1008.1411494018074,68.25812796577951
2026-09-06 15:45:00,AWS-001,19.069027411908593,1008.1436126347666,71.27670881802845
2026-09-06 16:00:00,AWS-001,16.83597451966087,1008.9959641383348,73.73080483665002
2026-09-06 16:15:00,AWS-001,17.42657044000327,1008.4314835845549,74.62171945586093
2026-09-06 16:30:00,AWS-001,17.897499803499983,1007.9237755251686,73.65724154652588
2026-09-06 16:45:00,AWS-001,17.323036271017674,1008.2048744295655,74.08917053642347
2026-09-06 17:00:00,AWS-001,17.45816632637312,1008.7197083080464,75.30998756499123
2026-09-06 17:15:00,AWS-001,16.85172516341625,1009.0805119251355,74.24964025113309
2026-09-06 17:30:00,AWS-001,17.111736002745978,1008.0205253913707,77.65803543647695
2026-09-06 17:45:00,AWS-001,16.939289996395136,1007.9762945390626,76.64658207704225
2026-09-06 18:00:00,AWS-001,17.583891030829903,1009.1470759902385,76.74564870201127
2026-09-06 18:15:00,AWS-001,17.144339035741776,1008.7496996491656,73.03557040183821
2026-09-06 18:30:00,AWS-001,17.237242440047112,1008.420820550237,74.71289607179577
2026-09-06 18:45:00,AWS-001,16.947779273712914,1008.8916021575094,74.11084730860706
2026-09-06 19:00:00,AWS-001,17.028790277651204,1007.9917528202775,72.4776846429571
2026-09-06 19:15:00,AWS-001,17.208279870129324,1008.8360572582436,74.92428031031815
2026-09-06 19:30:00,AWS-001,17.80618981109884,1008.9872058858138,72.7829014721097
2026-09-06 19:45:00,AWS-001,17.61452582732835,1009.2211453405606,74.76389878269082
2026-09-06 20:00:00,AWS-001,18.21668419817267,1008.6958312143122,70.84999793097798
2026-09-06 20:15:00,AWS-001,19.385943500902336,1009.082912674769,75.91012541022187
2026-09-06 20:30:00,AWS-001,19.088735629385948,1008.837795231744,70.10763478718444
2026-09-06 20:45:00,AWS-001,18.822269774084255,1009.2512010670936,71.71620178658554
2026-09-06 21:00:00,AWS-001,19.94375271158956,1008.966029238561,72.19032033857441
2026-09-06 21:15:00,AWS-001,19.521195792688648,1009.1730696524095,68.74890636610084
2026-09-06 21:30:00,AWS-001,19.1108463003413,1009.0583764509566,70.83635872199673
2026-09-06 21:45:00,AWS-001,20.051394980384437,1009.6147715180382,65.87518629969328
2026-09-06 22:00:00,AWS-001,20.064604039487044,1009.7398972447919,70.40423539836517
2026-09-06 22:15:00,AWS-001,21.28593373622732,1009.475461302944,66.66262888321657
2026-09-06 22:30:00,AWS-001,21.947741730674007,1009.6212907544557,64.54742866953869
2026-09-06 22:45:00,AWS-001,23.26670293371231,1009.2396316288207,64.22322843469263
2026-09-06 23:00:00,AWS-001,23.092911326061895,1009.6490446211579,65.5001242153233
2026-09-06 23:15:00,AWS-001,23.329727159466536,1009.7889043342284,61.757444246541056
2026-09-06 23:30:00,AWS-001,24.370493252831285,1010.6554316688487,60.459177504455305
2026-09-06 23:45:00,AWS-001,23.371207311654885,1009.6009717266243,60.537973743284724
2026-09-07 00:00:00,AWS-001,25.117807279054272,1010.4392531716258,57.64607577446009
2026-09-07 00:15:00,AWS-001,25.908657630784578,1010.3644957976833,62.66004087743158
2026-09-07 00:30:00,AWS-001,25.30491641487046,1010.2149971798074,56.90931793426984
2026-09-07 00:45:00,AWS-001,27.132599597732472,1010.7236204259176,58.73687874211892
2026-09-07 01:00:00,AWS-001,27.239800564567318,1010.3726840262221,56.53665449075784
2026-09-07 01:15:00,AWS-001,27.363871765474855,1010.4425387054896,53.20933991948871
2026-09-07 01:30:00,AWS-001,28.377858391973838,1010.374244448127,54.24783909609823
2026-09-07 01:45:00,AWS-001,29.673655950654204,1010.8212231907943,54.933675205336485
2026-09-07 02:00:00,AWS-001,29.09093312752921,1010.8465788603484,52.12347732982746
2026-09-07 02:15:00,AWS-001,29.568672157306963,1010.3928661682601,54.05267239640806
2026-09-07 02:30:00,AWS-001,29.640410982299635,1010.2471047722267,52.91160935043294
2026-09-07 02:45:00,AWS-001,29.849844336068116,1010.6436059046238,51.947642482815695
2026-09-07 03:00:00,AWS-001,31.07202215776448,1010.5253552954108,48.474084737655836
2026-09-07 03:15:00,AWS-001,30.586676546877374,1010.8063566872241,46.56271799225239
2026-09-07 03:30:00,AWS-001,31.382609840939544,1011.2558088208433,46.87252468490595
2026-09-07 03:45:00,AWS-001,31.412928175037784,1010.805602977126,47.920437696795304
2026-09-07 04:00:00,AWS-001,32.167693143148696,1010.9871529856065,48.10119237029815
2026-09-07 04:15:00,AWS-001,32.341812984904955,1011.0735425217432,42.20376606748883
2026-09-07 04:30:00,AWS-001,32.909806232219225,1011.3656697307008,46.12558060910723
2026-09-07 04:45:00,AWS-001,32.32043283653346,1010.4908885935401,46.1122265082198
2026-09-07 05:00:00,AWS-001,32.592469142665855,1011.0355127695879,44.95602409303288
2026-09-07 05:15:00,AWS-001,32.35690038533468,1011.3321716760112,47.87076847198332
2026-09-07 05:30:00,AWS-001,32.709412260952426,1011.6787153171281,45.97188722789459
2026-09-07 05:45:00,AWS-001,33.17152163243126,1011.2196138697939,47.65249996758274
2026-09-07 06:00:00,AWS-001,33.37849430832268,1010.8512477505606,44.568078959299534
2026-09-07 06:15:00,AWS-001,32.521788723820016,1011.6456415791855,46.907071136434794
2026-09-07 06:30:00,AWS-001,33.366361851043315,1011.3130708983102,48.39845986844788
2026-09-07 06:45:00,AWS-001,33.524101172628335,1011.1891209089985,47.911607692496844
2026-09-07 07:00:00,AWS-001,32.93412406192441,1011.3994030636685,43.32682941880649
2026-09-07 07:15:00,AWS-001,33.513838942239886,1011.5703357618864,45.28869590248864
2026-09-07 07:30:00,AWS-001,32.00414166053851,1011.4815158252436,45.4514776014311
2026-09-07 07:45:00,AWS-001,31.55265458060582,1011.0367345459234,47.52541794716229
2026-09-07 08:00:00,AWS-001,31.038843105823386,1012.001170666635,48.38232605326246
2026-09-07 08:15:00,AWS-001,32.39977905416496,1012.1463050410804,45.85017046741034
2026-09-07 08:30:00,AWS-001,31.674009550506945,1011.9892020804672,48.23537692346529
2026-09-07 08:45:00,AWS-001,30.986926124376616,1011.4804219487149,44.68254822350302
2026-09-07 09:00:00,AWS-001,30.796838562652304,1011.7873116048384,52.27728829380554
2026-09-07 09:15:00,AWS-001,29.71202199715141,1011.8698554589457,49.0850642921455
2026-09-07 09:30:00,AWS-001,31.092967421878214,1012.0734985758588,50.98030644455812
2026-09-07 09:45:00,AWS-001,29.50917245514445,1012.1143828180799,51.04714707672981
2026-09-07 10:00:00,AWS-001,29.054697397302455,1011.7115995129446,54.79205515002682
2026-09-07 10:15:00,AWS-001,28.9011928337014,1011.9723526254787,47.69065676392014
2026-09-07 10:30:00,AWS-001,28.301972074789102,1012.098754682191,54.226527829871785
2026-09-07 10:45:00,AWS-001,27.68345773456487,1012.4100333608138,54.966770505457156
2026-09-07 11:00:00,AWS-001,26.67531513309756,1012.194241684695,55.21044154827873
2026-09-07 11:15:00,AWS-001,26.79645675469706,1012.2270864595571,60.526098261029276
2026-09-07 11:30:00,AWS-001,26.985221785997947,1012.020865834856,56.26744819898765
2026-09-07 11:45:00,AWS-001,26.195935056918692,1012.4220669185138,60.56254541601907
2026-09-07 12:00:00,AWS-001,25.79659331331974,1012.1229288387879,60.71250557741209
2026-09-07 12:15:00,AWS-001,24.221167127943286,1011.7406028019006,63.50408544352314
2026-09-07 12:30:00,AWS-001,23.460988052110363,1012.4167288375147,60.62351471374565
2026-09-07 12:45:00,AWS-001,23.376383963821194,1012.1997404351062,61.460417031994325
2026-09-07 13:00:00,AWS-001,22.95731009532421,1011.849976516409,66.07442549149255
2026-09-07 13:15:00,AWS-001,22.975580036810193,1011.8294387739501,65.67223459620763
2026-09-07 13:30:00,AWS-001,21.09230022622192,1012.0505432243486,62.650376792122735
2026-09-07 13:45:00,AWS-001,22.226465637978325,1012.086709397135,65.55572032435842
2026-09-07 14:00:00,AWS-001,20.92099605071052,1011.9910393322675,68.27276530769609
2026-09-07 14:15:00,AWS-001,20.34199760086952,1012.0072732734973,70.00908193838713
2026-09-07 14:30:00,AWS-001,19.623856380300182,1012.4038474713632,67.77296012874484
2026-09-07 14:45:00,AWS-001,18.89780514326658,1012.193274799185,64.06167524686711
2026-09-07 15:00:00,AWS-001,19.754731042488622,1011.9049497424021,71.65304808927219
2026-09-07 15:15:00,AWS-001,19.02194052376241,1012.1041208240727,68.83695573229666
2026-09-07 15:30:00,AWS-001,18.008192827799608,1011.4839883120071,67.86562250812368
2026-09-07 15:45:00,AWS-001,17.700703715547835,1011.8832206436807,66.80739233456988
2026-09-07 16:00:00,AWS-001,17.90390442007945,1012.2748427124887,74.61834277716201
2026-09-07 16:15:00,AWS-001,18.659528830383206,1011.6329905944355,73.71032602380023
2026-09-07 16:30:00,AWS-001,17.47916806422791,1011.4086490460194,73.40688022624478
2026-09-07 16:45:00,AWS-001,16.672987487480118,1011.4300667026052,76.98200066835209
2026-09-07 17:00:00,AWS-001,17.149721857644494,1011.2598167693798,75.76353676038215
2026-09-07 17:15:00,AWS-001,17.017355971900326,1011.3105923342872,77.94437929149228
2026-09-07 17:30:00,AWS-001,15.719997787538741,1011.3925271853809,72.08620197627314
2026-09-07 17:45:00,AWS-001,16.989981180832267,1011.0380580396421,74.89878260067113
2026-09-07 18:00:00,AWS-001,16.88453273489566,1011.418899062558,71.76657325010397
2026-09-07 18:15:00,AWS-001,17.36523179649788,1011.6378677561818,74.50911918486811
2026-09-07 18:30:00,AWS-001,17.99291915648218,1011.0463647761561,74.37444121307381
2026-09-07 18:45:00,AWS-001,17.717000271548027,1011.7245717454198,75.96500648057462
2026-09-07 19:00:00,AWS-001,17.138149044410035,1011.3707604845757,74.58001515661982
2026-09-07 19:15:00,AWS-001,16.8712960096683,1011.4741295694228,75.45076621898644
2026-09-07 19:30:00,AWS-001,18.89564364153462,1010.9137900998835,75.26507325394712
2026-09-07 19:45:00,AWS-001,17.854627284745728,1011.3124932694207,77.76294847775662
2026-09-07 20:00:00,AWS-001,18.078761415680933,1010.6724198298814,72.35978774619439
2026-09-07 20:15:00,AWS-001,18.336180558024612,1011.209867723903,70.58999878320546
2026-09-07 20:30:00,AWS-001,18.75221565805403,1010.9361291823761,72.39246733500137
2026-09-07 20:45:00,AWS-001,18.913101334206168,1010.9913894256042,69.67303705790565
2026-09-07 21:00:00,AWS-001,19.056314747067468,1010.4126884830426,73.57052325467134
2026-09-07 21:15:00,AWS-001,19.451804008579227,1010.4359791431596,69.32375114861063
2026-09-07 21:30:00,AWS-001,20.113531932822223,1010.8220473960823,68.00026869938286
2026-09-07 21:45:00,AWS-001,20.283725750276254,1010.2960649532417,67.39092205299188
2026-09-07 22:00:00,AWS-001,20.643577108661386,1010.6565999778348,68.93683484694334
2026-09-07 22:15:00,AWS-001,21.51490559209392,1010.0440111841306,66.31883638682208
2026-09-07 22:30:00,AWS-001,21.811043932368797,1010.6446329078323,64.45691784521568
2026-09-07 22:45:00,AWS-001,23.180480771866012,1009.9560339523587,68.15229581479457
2026-09-07 23:00:00,AWS-001,21.603962734983302,1010.426742365744,62.169945995214356
2026-09-07 23:15:00,AWS-001,23.98503084983214,1010.3837235607529,62.99748697830803
2026-09-07 23:30:00,AWS-001,24.578833058488357,1009.9217747129314,63.262505186521324
2026-09-07 23:45:00,AWS-001,23.44007984995475,1010.2400461357689,57.71837671761806
2026-09-08 00:00:00,AWS-001,24.828656202959813,1010.0781326790001,60.96052100281188
2026-09-08 00:15:00,AWS-001,25.337504600843193,1009.7729092774987,56.908737710587054
2026-09-08 00:30:00,AWS-001,25.340453690401468,1009.5666273363169,59.6876726783673
2026-09-08 00:45:00,AWS-001,26.171814232333567,1009.2151780118392,55.14834314592016
2026-09-08 01:00:00,AWS-001,26.515264438087193,1009.8438426297498,57.50325238716002
2026-09-08 01:15:00,AWS-001,28.447650944137067,1009.2047682218022,57.39007415304208
2026-09-08 01:30:00,AWS-001,28.529306655494427,1009.6384226158001,55.9826215657893
2026-09-08 01:45:00,AWS-001,29.17408706924903,1009.4668130091067,53.868302943191296
2026-09-08 02:00:00,AWS-001,29.360836032021574,1009.6861047424263,52.03739811414068
2026-09-08 02:15:00,AWS-001,28.88003597854818,1009.328816995644,50.51360735203633
2026-09-08 02:30:00,AWS-001,29.60783129892987,1009.2582867334895,53.810647946503416
2026-09-08 02:45:00,AWS-001,30.51945380141447,1009.515061115444,48.710822333163755
2026-09-08 03:00:00,AWS-001,30.04579034504638,1009.335150543995,47.319266135061845
2026-09-08 03:15:00,AWS-001,31.371217674918004,1009.269432727546,50.053140757881025
2026-09-08 03:30:00,AWS-001,31.226664023250777,1009.2562028965045,46.50742628925855
2026-09-08 03:45:00,AWS-001,31.46434649464554,1008.5965348893858,45.62782882052961
2026-09-08 04:00:00,AWS-001,32.28368321437724,1009.2270366039961,44.122410418893914
2026-09-08 04:15:00,AWS-001,32.3971135880045,1009.1276049369034,45.58108919808869
2026-09-08 04:30:00,AWS-001,32.210553177180735,1008.583854595388,45.97637696453774
2026-09-08 04:45:00,AWS-001,33.15510593764296,1008.7618204641622,46.282231512894825
2026-09-08 05:00:00,AWS-001,32.186874946512596,1008.7706849556943,47.41372509426295
2026-09-08 05:15:00,AWS-001,33.15425004669797,1008.6908643963521,46.342016641283145
2026-09-08 05:30:00,AWS-001,33.22810951997467,1008.7814663597704,44.74658264028649
2026-09-08 05:45:00,AWS-001,32.828098166251834,1009.0622254305036,44.63572479866151
2026-09-08 06:00:00,AWS-001,33.16306651112106,1008.9103164559288,46.02031493783036
2026-09-08 06:15:00,AWS-001,32.357314597716176,1008.1466060965749,47.577256477278084
2026-09-08 06:30:00,AWS-001,33.39357240059394,1008.6829413821339,45.38095547835924
2026-09-08 06:45:00,AWS-001,32.753831175004365,1008.8526590891352,44.349959085530706
2026-09-08 07:00:00,AWS-001,32.46604510005304,1008.5293358756243,43.52538060349286
2026-09-08 07:15:00,AWS-001,33.0999456488793,1008.7016007583726,42.90563752874895
2026-09-08 07:30:00,AWS-001,32.03886441481894,1008.9407419091051,47.4743463564177
2026-09-08 07:45:00,AWS-001,31.47075128407975,1008.608708500779,47.70286592428875
2026-09-08 08:00:00,AWS-001,31.149888643513574,1008.3427417711237,48.164345993446716
2026-09-08 08:15:00,AWS-001,31.95476187409319,1008.5496840135287,47.270636922757696
2026-09-08 08:30:00,AWS-001,30.706612046081773,1008.2497208668638,50.91356938741491
2026-09-08 08:45:00,AWS-001,31.892115550824027,1008.185443263143,47.75416589864566
2026-09-08 09:00:00,AWS-001,29.615889545550537,1008.0468166642632,51.30393675661617
2026-09-08 09:15:00,AWS-001,31.122994704945615,1008.597212154135,50.032326983519795
2026-09-08 09:30:00,AWS-001,29.975600165671107,1007.8606111412272,49.65187703551045
2026-09-08 09:45:00,AWS-001,29.396205308221642,1008.545829645939,52.85150711934145
2026-09-08 10:00:00,AWS-001,28.72754045659558,1008.2181075845439,53.31927223736788
2026-09-08 10:15:00,AWS-001,28.73787757892809,1007.6324541890048,54.079615165248754
2026-09-08 10:30:00,AWS-001,28.042650107708326,1008.148724227091,54.42230535863599
2026-09-08 10:45:00,AWS-001,28.12316666343357,1007.3967053835347,55.10262185701889
2026-09-08 11:00:00,AWS-001,27.127666185151238,1008.2047626823017,60.89445830920297
2026-09-08 11:15:00,AWS-001,26.63587345686,1008.2751999915522,59.44215846015035
2026-09-08 11:30:00,AWS-001,25.862403431653505,1007.8265753668272,59.48776090667021
2026-09-08 11:45:00,AWS-001,25.49475222198067,1008.0381351338339,59.24255137795452
2026-09-08 12:00:00,AWS-001,25.153900884446074,1008.5862472301251,62.01431440119326
2026-09-08 12:15:00,AWS-001,23.62169076983057,1007.8493468137686,62.017036491235
2026-09-08 12:30:00,AWS-001,23.281697751186794,1007.6866098774058,62.01030238884872
2026-09-08 12:45:00,AWS-001,23.81090947088238,1008.4541295673944,62.31922617971001
2026-09-08 13:00:00,AWS-001,23.014880358243833,1008.6058864344117,63.72045100121238
2026-09-08 13:15:00,AWS-001,22.33649260939838,1008.0278220373846,58.48074050779128
2026-09-08 13:30:00,AWS-001,21.94774950761203,1008.3418683498161,66.16145316407153
2026-09-08 13:45:00,AWS-001,21.635481330928858,1008.4546888161045,65.65737819306423
2026-09-08 14:00:00,AWS-001,20.730120159845338,1007.8454030776603,70.68533999656574
2026-09-08 14:15:00,AWS-001,20.166285773142075,1007.9405275779252,68.37224163691745
2026-09-08 14:30:00,AWS-001,20.22783119547911,1008.4754020949562,66.75349459606082
2026-09-08 14:45:00,AWS-001,19.236047090391953,1008.633692430098,69.79042691824476
2026-09-08 15:00:00,AWS-001,19.547272128364902,1008.3211051930297,68.51435954767312
2026-09-08 15:15:00,AWS-001,18.133989738049294,1007.914328044107,72.22441194360954
2026-09-08 15:30:00,AWS-001,19.16775109633296,1008.8023728504445,72.48219483304747
2026-09-08 15:45:00,AWS-001,18.584541842786198,1008.0768662019597,74.38772344675463
2026-09-08 16:00:00,AWS-001,18.199811636881456,1008.1674078580797,71.40861747337739
2026-09-08 16:15:00,AWS-001,18.316363559711267,1008.4042969872937,73.5211073154466
2026-09-08 16:30:00,AWS-001,18.441700962141,1008.8033089016093,71.12814939681601
2026-09-08 16:45:00,AWS-001,17.931743996548235,1008.6304994237825,75.60694150627599
2026-09-08 17:00:00,AWS-001,16.35215627402164,1008.5377529695261,75.52662975521625
2026-09-08 17:15:00,AWS-001,16.51392927340631,1008.5929656523099,75.70338924810359
2026-09-08 17:30:00,AWS-001,16.756031820161688,1008.5093747856351,74.87491098332102
2026-09-08 17:45:00,AWS-001,17.03017413919659,1008.7077137089598,75.79742963015663
2026-09-08 18:00:00,AWS-001,17.258829510234563,1007.8269184143186,78.20867821661719
2026-09-08 18:15:00,AWS-001,16.654256707514435,1008.5438331582333,74.39769533449504
2026-09-08 18:30:00,AWS-001,17.161824491248048,1008.7537049502748,75.14896328802733
2026-09-08 18:45:00,AWS-001,16.77602629059749,1008.3859092065868,72.53952660768566
2026-09-08 19:00:00,AWS-001,16.966834488191477,1008.8983741373261,72.75236547113937
2026-09-08 19:15:00,AWS-001,16.721228415615023,1008.7737032399685,74.39957852861323
2026-09-08 19:30:00,AWS-001,17.147347116854238,1009.4155022434555,76.06606008107315
2026-09-08 19:45:00,AWS-001,17.149175764930316,1009.4157702162637,72.94052947448719
2026-09-08 20:00:00,AWS-001,17.583860143235793,1008.8602583292645,72.5185479981424
2026-09-08 20:15:00,AWS-001,18.875063999883533,1009.011955212878,71.65827369552947
2026-09-08 20:30:00,AWS-001,18.17847383325413,1009.0932383498795,70.8307867626799
2026-09-08 20:45:00,AWS-001,20.30147257258683,1009.0390880975433,71.86754002360239
2026-09-08 21:00:00,AWS-001,19.58980470094803,1009.2931406304783,67.612086427441
2026-09-08 21:15:00,AWS-001,19.81765154104686,1009.0680152834913,72.45206637983453
2026-09-08 21:30:00,AWS-001,19.700729677839615,1009.0179364689124,67.8005768388719
2026-09-08 21:45:00,AWS-001,20.905593075547632,1009.6062440126611,69.7773604661704
2026-09-08 22:00:00,AWS-001,20.712181086881078,1009.6712207850615,64.9600028052123
2026-09-08 22:15:00,AWS-001,21.52269538557065,1009.3045527460333,67.97201061437748
2026-09-08 22:30:00,AWS-001,23.218574810213624,1009.8784259851965,67.08414070110544
2026-09-08 22:45:00,AWS-001,22.38045432771234,1009.4847357344612,65.5899961235593
2026-09-08 23:00:00,AWS-001,23.504084302322642,1009.8148971869713,61.893428632938274
2026-09-08 23:15:00,AWS-001,23.087689211307964,1010.0500689231246,63.4254512094382
2026-09-08 23:30:00,AWS-001,23.938296216991056,1009.8591099721285,59.591780513832084
2026-09-08 23:45:00,AWS-001,25.362175283976576,1010.0709841079988,60.47552042825984
2026-09-09 00:00:00,AWS-001,24.686516471106103,1009.8450711068338,62.05882620191068
2026-09-09 00:15:00,AWS-001,26.429449312839555,1010.006498190615,60.61235691568944
2026-09-09 00:30:00,AWS-001,26.398085505488112,1010.0690484291962,58.07247300178017
2026-09-09 00:45:00,AWS-001,26.279489188181874,1009.972060776697,55.124032017912434
2026-09-09 01:00:00,AWS-001,27.38675623034787,1010.2080201355053,57.40888974781069
2026-09-09 01:15:00,AWS-001,28.057792947238614,1009.86120545713,55.2171704958487
2026-09-09 01:30:00,AWS-001,28.372372440029295,1010.2428345198897,49.619117318062855
2026-09-09 01:45:00,AWS-001,27.753197161806725,1010.3686898780578,54.93092929934813
2026-09-09 02:00:00,AWS-001,28.63643141208752,1010.4407841644564,52.45153433226069
2026-09-09 02:15:00,AWS-001,29.32080254638104,1010.5081201207477,54.07134900067216
2026-09-09 02:30:00,AWS-001,29.832874717519683,1010.6243496706483,48.67803752718368
2026-09-09 02:45:00,AWS-001,30.585102569575852,1010.8483325512683,43.756405147107046
2026-09-09 03:00:00,AWS-001,30.745704749958982,1011.0277219869699,49.95156599889221
2026-09-09 03:15:00,AWS-001,30.347046280476754,1010.6304844915543,49.30553024117931
2026-09-09 03:30:00,AWS-001,31.536925647832824,1010.5236171238213,44.71835664041864
2026-09-09 03:45:00,AWS-001,31.95704977106225,1010.6301801499791,45.570956723728656
2026-09-09 04:00:00,AWS-001,32.20809845424102,1010.8538391236415,52.520054430673255
2026-09-09 04:15:00,AWS-001,32.71537229503878,1010.9505593059557,45.93568764870212
2026-09-09 04:30:00,AWS-001,32.807997337364725,1010.8801416461799,47.60372496508316
2026-09-09 04:45:00,AWS-001,32.80503107557505,1010.7761203944606,44.494728402836664
2026-09-09 05:00:00,AWS-001,32.69232375458321,1011.0806866097752,41.3305068079577
2026-09-09 05:15:00,AWS-001,32.01580177646783,1011.3232145543615,44.94770430035975
2026-09-09 05:30:00,AWS-001,33.14636800055678,1011.4972004699507,44.59711795882065
2026-09-09 05:45:00,AWS-001,33.08671522949039,1011.1999576881133,44.23235967408421
2026-09-09 06:00:00,AWS-001,33.13578941859769,1011.2903142157301,44.770718328987215
2026-09-09 06:15:00,AWS-001,32.344497097998676,1011.1817186527414,45.56065269471222
2026-09-09 06:30:00,AWS-001,32.39103062078635,1011.4942478638455,44.828093176885226
2026-09-09 06:45:00,AWS-001,33.37285866989231,1011.2914923164683,42.760208458056795
2026-09-09 07:00:00,AWS-001,32.70762903338423,1011.7586450245548,46.48348218878783
2026-09-09 07:15:00,AWS-001,32.91619138464717,1011.089933421603,41.897304546928545
2026-09-09 07:30:00,AWS-001,32.405195448155546,1011.5550503228694,42.041092097762245
2026-09-09 07:45:00,AWS-001,32.189860002009404,1011.7887365648106,48.02526986641277
2026-09-09 08:00:00,AWS-001,22.397345133263528,1011.7872011624656,48.023659487504105
2026-09-09 08:15:00,AWS-001,31.393734534311687,1012.5717526278909,47.41316508531373
2026-09-09 08:30:00,AWS-001,31.394887110800408,1011.8986854904357,45.308802886121256
2026-09-09 08:45:00,AWS-001,30.783580815479326,1011.5205112707898,47.30658100646714
2026-09-09 09:00:00,AWS-001,30.43960613577624,1011.8191197908959,48.86790478682875
2026-09-09 09:15:00,AWS-001,30.120180459066276,1011.3389379534747,46.91802483635065
2026-09-09 09:30:00,AWS-001,29.98115831788666,1011.8696803342012,49.39052124882266
2026-09-09 09:45:00,AWS-001,29.205187553325104,1011.6639638543642,52.97110718105928
2026-09-09 10:00:00,AWS-001,29.62787806278682,1012.2064687352463,55.35461072857832
2026-09-09 10:15:00,AWS-001,28.091005870642302,1011.782891876176,52.52680014139779
2026-09-09 10:30:00,AWS-001,27.96803163684007,1011.9265407860679,55.77272522315579
2026-09-09 10:45:00,AWS-001,27.351650193288275,1011.7826193117485,51.35028787927751
2026-09-09 11:00:00,AWS-001,27.79404130299709,1012.5045451283036,57.43661680568931
2026-09-09 11:15:00,AWS-001,26.658999964384854,1011.8939966235091,55.46574834030304
2026-09-09 11:30:00,AWS-001,26.560131807494752,1012.545484959521,58.656798350115125
2026-09-09 11:45:00,AWS-001,24.78044484732272,1012.2431747035882,58.52344822506832
2026-09-09 12:00:00,AWS-001,25.133525132934675,1012.1446200182006,62.640828019567586
2026-09-09 12:15:00,AWS-001,24.921590363970605,1012.109549119148,59.23217564177226
2026-09-09 12:30:00,AWS-001,23.996932456877367,1012.113857035942,63.21310547842431
2026-09-09 12:45:00,AWS-001,23.972017611403697,1011.4120676795408,62.36733990364877
2026-09-09 13:00:00,AWS-001,22.67080341412968,1011.8992247045023,63.56567472051842
2026-09-09 13:15:00,AWS-001,23.133157997667563,1012.226834055525,64.45388419322887
2026-09-09 13:30:00,AWS-001,23.08798160288896,1011.9469014057642,64.04890527648803
2026-09-09 13:45:00,AWS-001,21.280271198028196,1011.5261970045136,66.60613242147161
2026-09-09 14:00:00,AWS-001,20.777248739299633,1011.916130317405,67.37470355575633
2026-09-09 14:15:00,AWS-001,21.282130374402083,1012.425112326341,68.8160339921074
2026-09-09 14:30:00,AWS-001,20.91969464079563,1012.2679277736506,69.30043172651648
2026-09-09 14:45:00,AWS-001,19.463803465622835,1011.8532106507048,71.48617632572547
2026-09-09 15:00:00,AWS-001,19.133052341959736,1012.1331938481401,72.45361894989287
2026-09-09 15:15:00,AWS-001,18.84438923573796,1011.711775543732,69.176350468529
2026-09-09 15:30:00,AWS-001,17.980948022153,1011.2825840070174,73.63784510555003
2026-09-09 15:45:00,AWS-001,17.888917128337578,1011.4865027322579,70.09937133031839
2026-09-09 16:00:00,AWS-001,17.569726386348485,1012.2009174381213,74.16609283304199
2026-09-09 16:15:00,AWS-001,17.44111928518645,1011.6162064385044,74.69256869239602
2026-09-09 16:30:00,AWS-001,17.591621296216324,1011.5899240307926,70.03555920434428
2026-09-09 16:45:00,AWS-001,17.541666330307436,1011.5357419103008,74.38991043548538
2026-09-09 17:00:00,AWS-001,18.047843636094502,1012.1579476574543,73.55189516761537
2026-09-09 17:15:00,AWS-001,16.65454073640477,1012.0338085813341,73.1942486901777
2026-09-09 17:30:00,AWS-001,17.56060230824782,1012.1693136849924,77.57337758200515
2026-09-09 17:45:00,AWS-001,16.91013419197842,1011.4120145822757,73.6605255673042
2026-09-09 18:00:00,AWS-001,16.975268145173782,1011.5029009089973,73.3872461417639
2026-09-09 18:15:00,AWS-001,17.35453836017447,1010.9121918392195,75.11927372858925
2026-09-09 18:30:00,AWS-001,16.50708009822836,1011.7617719580356,76.242852413204
2026-09-09 18:45:00,AWS-001,17.344922629866176,1010.9184527029469,74.42848203402822
2026-09-09 19:00:00,AWS-001,17.355819493793962,1011.2825555271462,76.82162848567457
2026-09-09 19:15:00,AWS-001,17.67078459604321,1010.8357646354457,75.2659032663548
2026-09-09 19:30:00,AWS-001,17.7535480618636,1010.9344804180175,69.50177034820646
2026-09-09 19:45:00,AWS-001,19.05266813769393,1010.8049569719858,72.39415719597633
2026-09-09 20:00:00,AWS-001,17.7529267775988,1010.8176374217973,71.86669685806324
2026-09-09 20:15:00,AWS-001,18.082744624078703,1010.7810566627073,73.43076609139708
2026-09-09 20:30:00,AWS-001,18.341603014457718,1010.7200967419606,66.65066599162034
2026-09-09 20:45:00,AWS-001,18.70754298058801,1011.0754142331429,76.37561652962019
2026-09-09 21:00:00,AWS-001,19.024452186854322,1010.4339080268114,71.6686539075867
2026-09-09 21:15:00,AWS-001,20.319741744753202,1010.7706625239466,70.18794083433647
2026-09-09 21:30:00,AWS-001,20.840160691925103,1011.008266676298,71.49455686796921
2026-09-09 21:45:00,AWS-001,20.270064988968393,1010.4266104451549,73.02086160091937
2026-09-09 22:00:00,AWS-001,20.58382221344785,1010.3022624229808,69.24149328917687
2026-09-09 22:15:00,AWS-001,21.69739825644117,1010.3849951385146,68.5319565462283
2026-09-09 22:30:00,AWS-001,21.662421018938737,1010.7440982065405,66.00163153440523
2026-09-09 22:45:00,AWS-001,22.74495018645242,1010.3840232360752,64.53854047281361
2026-09-09 23:00:00,AWS-001,23.030909149605456,1010.1016880960577,62.93069478852806
2026-09-09 23:15:00,AWS-001,22.68140536637229,1010.3411972760155,61.274130846812966
2026-09-09 23:30:00,AWS-001,24.729543062904565,1009.8001186135094,60.58386468390188
2026-09-09 23:45:00,AWS-001,25.374713802706584,1010.2698460187764,58.27993500976624
2026-09-10 00:00:00,AWS-001,24.693605654757732,1010.1225821923106,59.84825709863009
2026-09-10 00:15:00,AWS-001,25.329374253873095,1009.8422192930149,55.64961790709519
2026-09-10 00:30:00,AWS-001,26.187142233122827,1009.6176180020055,58.42394016498672
2026-09-10 00:45:00,AWS-001,26.727950971122514,1009.5379614426558,57.00098395367343
2026-09-10 01:00:00,AWS-001,27.39982449715652,1009.8993928164637,56.411584920235676
2026-09-10 01:15:00,AWS-001,28.576617991808426,1010.0429032039575,54.13414488041267
2026-09-10 01:30:00,AWS-001,27.97299384517367,1009.418627031859,60.41346925488471
2026-09-10 01:45:00,AWS-001,28.13916089948272,1009.6833634849968,56.08590144707573
2026-09-10 02:00:00,AWS-001,28.310340385992692,1008.8562538042142,50.01091499983064
2026-09-10 02:15:00,AWS-001,29.07909684418583,1009.2440453262939,52.13218267955981
2026-09-10 02:30:00,AWS-001,29.85352794563281,1009.3478033895324,49.65256627899465
2026-09-10 02:45:00,AWS-001,31.172045452559402,1009.0225948790629,48.080853320084216
2026-09-10 03:00:00,AWS-001,30.398048599974267,1008.953681222833,46.713254139953975
2026-09-10 03:15:00,AWS-001,31.126612435651253,1008.9742520734505,49.58683626933387
2026-09-10 03:30:00,AWS-001,31.338615274293467,1009.2030804380598,46.736939425492395
2026-09-10 03:45:00,AWS-001,32.24595353514438,1009.0010078208261,49.46360786351227
2026-09-10 04:00:00,AWS-001,33.191669443212305,1008.3285306300025,48.99718337229432
2026-09-10 04:15:00,AWS-001,31.909547545801313,1008.3076542529087,49.294737647432626
2026-09-10 04:30:00,AWS-001,32.146316538831165,1008.7067999806037,44.43703348018252
2026-09-10 04:45:00,AWS-001,33.09752147449537,1008.9723505820805,46.746779278957455
2026-09-10 05:00:00,AWS-001,33.06835235512568,1007.958225689165,46.77602103894861
2026-09-10 05:15:00,AWS-001,33.769635906093846,1008.5812943788272,44.339864443743636
2026-09-10 05:30:00,AWS-001,33.22352298365346,1008.5234340128447,43.5847831646071
2026-09-10 05:45:00,AWS-001,32.80322534051529,1009.0493167294168,48.2511574829729
2026-09-10 06:00:00,AWS-001,33.29532741534616,1008.470279894113,45.45499175146411
2026-09-10 06:15:00,AWS-001,33.537223176200285,1008.6551685500267,46.30405165284442
2026-09-10 06:30:00,AWS-001,33.34179998158917,1008.5386975270683,43.48417505573698
2026-09-10 06:45:00,AWS-001,33.09991925877951,1007.8148091493323,42.84965186090713
2026-09-10 07:00:00,AWS-001,33.26074395510713,1008.643755484407,44.37221305667973
2026-09-10 07:15:00,AWS-001,33.16008883118369,1008.4389255824537,45.5480052827934
2026-09-10 07:30:00,AWS-001,33.08211575560909,1008.4895413672973,44.01336699869595
2026-09-10 07:45:00,AWS-001,32.499336876056354,1009.4794669488778,46.527219259708865
2026-09-10 08:00:00,AWS-001,31.8446441901171,1007.6427153105816,43.63260856709638
2026-09-10 08:15:00,AWS-001,31.725113741637067,1008.7535664662316,45.28786097052199
2026-09-10 08:30:00,AWS-001,31.950081205584098,1008.1200202611145,49.441522392185156
2026-09-10 08:45:00,AWS-001,30.60625062433823,1008.2644710214785,49.92998392837107
2026-09-10 09:00:00,AWS-001,30.841190903928847,1008.138587261387,48.60964475142802
2026-09-10 09:15:00,AWS-001,30.078097114636922,1008.000917246466,48.07428415534497
2026-09-10 09:30:00,AWS-001,29.884463843537212,1007.9351898625381,48.8137714618171
2026-09-10 09:45:00,AWS-001,30.08378779546049,1008.1849719492075,50.91991001282329
2026-09-10 10:00:00,AWS-001,29.09554953401001,1007.6129962384204,53.78903698329047
2026-09-10 10:15:00,AWS-001,28.561527795830134,1008.2774197917018,55.222161029403544
2026-09-10 10:30:00,AWS-001,27.38153938843079,1007.913571117728,53.266685043559654
2026-09-10 10:45:00,AWS-001,27.944642505438974,1007.6876925341181,52.87142316848288
2026-09-10 11:00:00,AWS-001,27.393294451390762,1007.8821064198537,56.65340159919475
2026-09-10 11:15:00,AWS-001,27.642349937781795,1008.3867753117144,55.4265752285063
2026-09-10 11:30:00,AWS-001,25.89032042028394,1007.8436816274179,57.00560183897677
2026-09-10 11:45:00,AWS-001,25.632800197673177,1008.1086069105102,61.669505242421806
2026-09-10 12:00:00,AWS-001,25.124691841855423,1007.7807131172854,61.65423085713145
2026-09-10 12:15:00,AWS-001,25.265501606040623,1008.2284473800244,61.29699556295499
2026-09-10 12:30:00,AWS-001,23.90814269604618,1008.2099344751599,59.4140548810752
2026-09-10 12:45:00,AWS-001,23.578788186756196,1008.5642131966445,63.34914796518314
2026-09-10 13:00:00,AWS-001,23.23339589403814,1007.9644410936027,66.0076002581128
2026-09-10 13:15:00,AWS-001,22.521788839152958,1008.2273097772576,64.07032464801622
2026-09-10 13:30:00,AWS-001,21.715315733804072,1008.0678497010553,68.44247966544968
2026-09-10 13:45:00,AWS-001,21.55873547469718,1008.4410075760042,69.21982093232137
2026-09-10 14:00:00,AWS-001,21.536815874929957,1007.8524986311392,70.82746566428682
2026-09-10 14:15:00,AWS-001,20.042180486137706,1008.3096209223987,68.94403974835663
2026-09-10 14:30:00,AWS-001,20.19639340500371,1008.0477305521748,70.30620483474277
2026-09-10 14:45:00,AWS-001,19.375173071729883,1008.1089316933528,72.71856180316318
2026-09-10 15:00:00,AWS-001,19.940669064970088,1008.1797666803119,71.50138959193607
2026-09-10 15:15:00,AWS-001,18.223688087776328,1008.2539444690856,70.27512889660417
2026-09-10 15:30:00,AWS-001,18.373712354034346,1008.1713858039981,71.00321443131276
2026-09-10 15:45:00,AWS-001,18.53684903911194,1008.3005714262545,72.94915409208558
2026-09-10 16:00:00,AWS-001,18.854558784341688,1008.7413846096998,70.40925821287408
2026-09-10 16:15:00,AWS-001,17.79214293720202,1008.5972305426313,73.1665732922619
2026-09-10 16:30:00,AWS-001,17.331363976563136,1008.597807153144,76.05128722412975
2026-09-10 16:45:00,AWS-001,18.36513749875947,1008.2376447730096,69.82144424009599
2026-09-10 17:00:00,AWS-001,16.548586439479344,1008.1465210709491,77.55785159792504
2026-09-10 17:15:00,AWS-001,16.05431477846412,1008.7405692607458,76.95652764345476
2026-09-10 17:30:00,AWS-001,17.288448334036193,1008.759134422801,73.95214368894618
2026-09-10 17:45:00,AWS-001,16.766101501914868,1008.9820730573296,76.05466550432267
2026-09-10 18:00:00,AWS-001,16.489383591434642,1008.4045922498361,75.00629545381265
2026-09-10 18:15:00,AWS-001,17.371306837740843,1008.5639507993461,77.42786458545643
2026-09-10 18:30:00,AWS-001,17.19034146589511,1008.1894631210422,76.83703920614705
2026-09-10 18:45:00,AWS-001,16.871678441405784,1008.6134720998544,71.91163775968246
2026-09-10 19:00:00,AWS-001,16.632441190351987,1009.0814482951564,75.66341222126441
2026-09-10 19:15:00,AWS-001,17.860787628179207,1008.695095992496,73.79269623514013
2026-09-10 19:30:00,AWS-001,17.934064328889022,1009.081003472521,74.02385812870553
2026-09-10 19:45:00,AWS-001,17.775430135848794,1008.8867133668999,71.99674732105072
2026-09-10 20:00:00,AWS-001,18.99511526774829,1009.0972171084665,76.48665519500831
2026-09-10 20:15:00,AWS-001,17.813200718416535,1008.7128991094032,74.55216782434339
2026-09-10 20:30:00,AWS-001,17.89041069220773,1009.1409854544521,70.42075777642263
2026-09-10 20:45:00,AWS-001,18.63932750522751,1008.277245149121,68.60837589836429
2026-09-10 21:00:00,AWS-001,19.32035274232983,1009.1785642878212,69.83525645584258
2026-09-10 21:15:00,AWS-001,19.846903203860766,1008.806357931043,70.75919251868369
2026-09-10 21:30:00,AWS-001,20.00929053900201,1009.7189194243578,69.61183312302337
2026-09-10 21:45:00,AWS-001,20.73146583410028,1009.6526528513205,70.83981914483061
2026-09-10 22:00:00,AWS-001,20.37423028790474,1009.6223632043848,69.07983944436178
2026-09-10 22:15:00,AWS-001,22.183572780284546,1010.002149342079,68.57346840479097
2026-09-10 22:30:00,AWS-001,21.897456951882937,1009.3251443997202,66.39396228669733
2026-09-10 22:45:00,AWS-001,22.987132193368726,1010.1984180125854,62.04299451912553
2026-09-10 23:00:00,AWS-001,23.100810312368655,1010.0186050848381,63.490888614244064
2026-09-10 23:15:00,AWS-001,23.667654033447796,1009.7329991331752,65.04653431005939
2026-09-10 23:30:00,AWS-001,24.240674102355637,1010.2098797856945,61.854847026251576
2026-09-10 23:45:00,AWS-001,24.700629246167477,1009.602673780633,61.98722767569971
2026-09-11 00:00:00,AWS-001,25.321361379933695,1009.7526457515416,59.36250336950788
2026-09-11 00:15:00,AWS-001,26.187801298907303,1009.8828612486716,56.95932936446428
2026-09-11 00:30:00,AWS-001,26.142470122611105,1009.9721129460411,57.79541898860708
2026-09-11 00:45:00,AWS-001,26.9152244549232,1009.879066987831,57.69174005582354
2026-09-11 01:00:00,AWS-001,27.025684513676488,1010.6279773045686,54.80633888453942
2026-09-11 01:15:00,AWS-001,28.291574330149984,1010.2481346266783,54.70698553073932
2026-09-11 01:30:00,AWS-001,27.723271307891054,1010.4959321345393,52.38082203055174
2026-09-11 01:45:00,AWS-001,29.438779738207355,1010.2830471161446,55.60415948184329
2026-09-11 02:00:00,AWS-001,28.979921024677783,1009.9714571000405,51.91108848482402
2026-09-11 02:15:00,AWS-001,28.729174313097765,1010.6615865620264,54.57195759495839
2026-09-11 02:30:00,AWS-001,29.9341436395251,1010.0692024379804,53.92607426595112
2026-09-11 02:45:00,AWS-001,29.934240692063067,1010.6839098820169,49.94772084405557
2026-09-11 03:00:00,AWS-001,31.077176023986713,1010.3548723530803,47.37650081710714
2026-09-11 03:15:00,AWS-001,30.68840647018057,1011.421596859378,44.550607132348766
2026-09-11 03:30:00,AWS-001,31.123735005722455,1011.1579861970904,45.155625749577965
2026-09-11 03:45:00,AWS-001,30.70698653294757,1010.9745196110335,44.78028616566455
2026-09-11 04:00:00,AWS-001,31.702050070650955,1011.3791120032964,49.76655819815646
2026-09-11 04:15:00,AWS-001,30.963042268946996,1010.802240908061,46.77855805146363
2026-09-11 04:30:00,AWS-001,31.599084848347413,1011.2741842796402,46.92101606051471
2026-09-11 04:45:00,AWS-001,32.95564836403298,1011.2248985238512,41.355206039703184
2026-09-11 05:00:00,AWS-001,33.12030668963796,1011.2967288824176,43.11517974722946
2026-09-11 05:15:00,AWS-001,33.05901102411833,1011.6504926183593,47.06238034684412
2026-09-11 05:30:00,AWS-001,32.448070819425865,1011.538439261034,45.70187530415804
2026-09-11 05:45:00,AWS-001,32.959015707837835,1011.4538017028932,44.737705594049764
2026-09-11 06:00:00,AWS-001,32.99819873045472,1010.9177473315046,46.12968471720025
2026-09-11 06:15:00,AWS-001,32.40368904131256,1011.1717142568118,48.303711763692576
2026-09-11 06:30:00,AWS-001,33.68325804187406,1011.4668669348792,44.68624215231874
2026-09-11 06:45:00,AWS-001,33.28496338851368,1011.5740326190086,45.42696039926768
2026-09-11 07:00:00,AWS-001,32.61692452339774,1011.2476455631803,45.896306443126534
2026-09-11 07:15:00,AWS-001,32.588883955458144,1012.3491963718567,50.580267328121344
2026-09-11 07:30:00,AWS-001,32.4952276640641,1012.1178574411812,41.943094483492594
2026-09-11 07:45:00,AWS-001,31.154114498049385,1011.8790398591708,47.913354906587244
2026-09-11 08:00:00,AWS-001,31.80461453901523,1011.753661865954,46.78001444571526
2026-09-11 08:15:00,AWS-001,31.310764774421475,1011.7001798377264,48.66149926783015
2026-09-11 08:30:00,AWS-001,30.846016717382426,1011.5081699450586,46.78495478764202
2026-09-11 08:45:00,AWS-001,30.87416831338891,1011.844971805398,48.62447282609831
2026-09-11 09:00:00,AWS-001,31.555697512917202,1011.9250848270655,50.81621944113267
2026-09-11 09:15:00,AWS-001,30.595187951434106,1011.4992836808701,56.33563317558656
2026-09-11 09:30:00,AWS-001,29.58450193717841,1011.9941131841637,52.48465094367326
2026-09-11 09:45:00,AWS-001,29.730853254834926,1011.867302956817,49.9703153086449
2026-09-11 10:00:00,AWS-001,29.699677718293014,1011.359509385215,51.65248063595457
2026-09-11 10:15:00,AWS-001,29.000626363208497,1011.6896384553208,52.458841429947086
2026-09-11 10:30:00,AWS-001,28.09128264388089,1011.8374889007799,50.66846216926346
2026-09-11 10:45:00,AWS-001,27.24804733357258,1012.5395929613718,54.51822763704956
2026-09-11 11:00:00,AWS-001,27.41966401762702,1012.1498556601077,57.58337248710557
2026-09-11 11:15:00,AWS-001,26.757465268839944,1011.5897249826145,54.5251809316044
2026-09-11 11:30:00,AWS-001,26.491806147774305,1012.1415287333025,60.13907241880036
2026-09-11 11:45:00,AWS-001,25.84081093468214,1011.5347379782712,59.994502703716506
2026-09-11 12:00:00,AWS-001,25.524776357659775,1012.3248073161661,58.53153335605773
2026-09-11 12:15:00,AWS-001,24.20915736037866,1011.8575917794074,60.69798766377629
2026-09-11 12:30:00,AWS-001,24.61448749505682,1011.9676269898555,65.15453649858271
2026-09-11 12:45:00,AWS-001,23.538077226217226,1012.3881084476071,64.39345045725355
2026-09-11 13:00:00,AWS-001,23.967078075492502,1011.5967406521723,63.89985298633404
2026-09-11 13:15:00,AWS-001,22.083890368529943,1011.5541512086359,64.34622534562543
2026-09-11 13:30:00,AWS-001,22.806514442661907,1011.7864907629026,65.89346962637966
2026-09-11 13:45:00,AWS-001,21.560645869979403,1012.2592676138605,65.61080323740025
2026-09-11 14:00:00,AWS-001,20.67429099819285,1011.4760478299352,63.290500988561845
2026-09-11 14:15:00,AWS-001,20.313495218816076,1011.0642339920313,72.41790931636339
2026-09-11 14:30:00,AWS-001,19.96973491383311,1011.7585126014675,69.44207143352953
2026-09-11 14:45:00,AWS-001,19.93731645240043,1012.0373340934879,70.68648175674606
2026-09-11 15:00:00,AWS-001,19.60456349452538,1012.2078375899442,70.49078621804438
2026-09-11 15:15:00,AWS-001,18.698431538198964,1011.6827792412167,69.80736351073534
2026-09-11 15:30:00,AWS-001,18.640995981539685,1011.6703175009307,71.52845114247089
2026-09-11 15:45:00,AWS-001,19.41937828088561,1012.1100127489734,69.27325466014949
2026-09-11 16:00:00,AWS-001,18.935568354774876,1011.1711282976602,77.54455405287314
2026-09-11 16:15:00,AWS-001,18.043179902575528,1011.5818481304983,70.98406712614549
2026-09-11 16:30:00,AWS-001,17.627965478993815,1011.7200663915826,71.79426041997492
2026-09-11 16:45:00,AWS-001,17.48457462739829,1011.7604589855687,73.32343353365378
2026-09-11 17:00:00,AWS-001,17.579352376052686,1011.4337646726252,77.06503884404073
2026-09-11 17:15:00,AWS-001,16.64232147417497,1011.5563532102373,74.74079720457372
2026-09-11 17:30:00,AWS-001,16.939752840297853,1010.757181408934,72.39940132854622
2026-09-11 17:45:00,AWS-001,16.182836577152383,1011.2622536216955,77.47656057009372
2026-09-11 18:00:00,AWS-001,17.19961156130264,1011.5502661761394,76.46200125357096
2026-09-11 18:15:00,AWS-001,17.34072658394254,1011.0724963937694,76.04475376301195
2026-09-11 18:30:00,AWS-001,16.826847877859816,1011.336386896677,76.30314140294887
2026-09-11 18:45:00,AWS-001,17.94071113841915,1011.4028483185681,79.5005030072134
2026-09-11 19:00:00,AWS-001,16.659710558186262,1011.1147580977602,78.85907718440828
2026-09-11 19:15:00,AWS-001,16.692371523934227,1011.2160945250346,72.83052125642004
2026-09-11 19:30:00,AWS-001,17.721189649189675,1010.8223206964537,77.10596297329162
2026-09-11 19:45:00,AWS-001,18.348567219044558,1010.9941523173919,74.21942750250814
2026-09-11 20:00:00,AWS-001,18.91376061545342,1011.1830648508768,73.98857268904209
2026-09-11 20:15:00,AWS-001,18.118800970145106,1010.9898853619426,69.08750252125164
2026-09-11 20:30:00,AWS-001,19.19251369438571,1010.7086179995689,71.55952857359223
2026-09-11 20:45:00,AWS-001,18.96602730541778,1010.892678980896,69.65194993151162
2026-09-11 21:00:00,AWS-001,19.25683210053717,1010.9797498019211,72.2627193475849
2026-09-11 21:15:00,AWS-001,20.167063447942752,1010.0895177122693,72.0323482273067
2026-09-11 21:30:00,AWS-001,20.456070007136926,1010.9906011500931,64.98244873309822
2026-09-11 21:45:00,AWS-001,19.767242057351055,1010.4796929329046,68.2894837672855
2026-09-11 22:00:00,AWS-001,21.73827017486286,1010.6452850701771,69.74372300958868
2026-09-11 22:15:00,AWS-001,22.15173615532164,1010.8133266031624,66.26097242865828
2026-09-11 22:30:00,AWS-001,21.625751190324454,1009.9786785348631,67.19837877548119
2026-09-11 22:45:00,AWS-001,22.626386044293366,1010.112958646061,65.52392291480169
2026-09-11 23:00:00,AWS-001,23.17646273232117,1010.1744877756773,64.56560614044312
2026-09-11 23:15:00,AWS-001,23.569614306782913,1009.9609082243218,62.38372487410536
2026-09-11 23:30:00,AWS-001,23.680637885316766,1010.6512872312113,59.524731275029566
2026-09-11 23:45:00,AWS-001,24.140963282189734,1009.8084065374954,58.73798664360227
2026-09-12 00:00:00,AWS-001,24.9872229645042,1009.833335966154,61.418705028910786
2026-09-12 00:15:00,AWS-001,26.109589543470765,1009.9958785438374,59.05786957258574
2026-09-12 00:30:00,AWS-001,26.316009615057585,1009.5085488837168,57.76508262748486
2026-09-12 00:45:00,AWS-001,26.375415410085946,1009.6852615058141,56.22586508511342
2026-09-12 01:00:00,AWS-001,27.456401716144327,1009.834183593935,55.5073366325007
2026-09-12 01:15:00,AWS-001,26.147244412110155,1009.574350931896,57.27223160942904
2026-09-12 01:30:00,AWS-001,28.635850309106686,1009.5818032982977,53.589260350787754
2026-09-12 01:45:00,AWS-001,27.668452632362897,1009.3870478401968,50.683540220111965
2026-09-12 02:00:00,AWS-001,28.81877952929839,1009.0280208170407,53.98730355108043
2026-09-12 02:15:00,AWS-001,28.884726916843714,1009.5159086088928,51.25669317697659
2026-09-12 02:30:00,AWS-001,29.222750694209296,1009.8836009908879,50.93137029593478
2026-09-12 02:45:00,AWS-001,30.85517991448972,1009.3010203933925,53.32496938629815
2026-09-12 03:00:00,AWS-001,30.423003648836364,1009.3022123704442,49.35227716750091
2026-09-12 03:15:00,AWS-001,31.187970400697125,1009.3824027669262,49.30077023405289
2026-09-12 03:30:00,AWS-001,31.32336643289025,1008.734623470598,45.7418529130349
2026-09-12 03:45:00,AWS-001,31.890277312031895,1009.5679609237868,47.08861691075995
2026-09-12 04:00:00,AWS-001,31.96661417580562,1009.0606986389269,48.22867103365065
2026-09-12 04:15:00,AWS-001,31.53348582016722,1009.433421368426,43.4361614093272
2026-09-12 04:30:00,AWS-001,32.889169669813825,1008.6689496353036,46.5434971985622
2026-09-12 04:45:00,AWS-001,32.32856274438016,1009.3804631830318,45.997630202863085
2026-09-12 05:00:00,AWS-001,31.949115660982653,1009.015023790193,45.59368751683889
2026-09-12 05:15:00,AWS-001,32.63222466274287,1008.8971254574284,47.362538591268056
2026-09-12 05:30:00,AWS-001,33.68193878630763,1008.7515157061059,45.7972041090899
2026-09-12 05:45:00,AWS-001,33.40798225696557,1008.5582568105319,47.98825994813384
2026-09-12 06:00:00,AWS-001,32.82567393279607,1008.9459459351691,43.01282096881193
2026-09-12 06:15:00,AWS-001,32.80824253374962,1008.5823798155589,45.30396528585763
2026-09-12 06:30:00,AWS-001,32.7707413653818,1007.9061994739659,45.29726065217271
2026-09-12 06:45:00,AWS-001,33.884656235006275,1008.1188231547624,43.14971180644136
2026-09-12 07:00:00,AWS-001,32.918374336428336,1008.3575395937597,47.42370260984664
2026-09-12 07:15:00,AWS-001,32.790461859556395,1008.4673063257665,50.44539466927903
2026-09-12 07:30:00,AWS-001,32.906177987106226,1008.3200842287249,46.107794863363026
2026-09-12 07:45:00,AWS-001,32.294376511774814,1008.667286873885,47.556951053557114
2026-09-12 08:00:00,AWS-001,31.798682157365207,1007.6826186332196,47.17865589486398
2026-09-12 08:15:00,AWS-001,31.553581973877918,1008.2792338522548,46.10078647564739
2026-09-12 08:30:00,AWS-001,31.31102609262289,1007.6608607493185,44.45817934002737
2026-09-12 08:45:00,AWS-001,30.99610734157693,1008.4061860388028,47.31085592162455
2026-09-12 09:00:00,AWS-001,31.02066902131089,1008.1239033206448,46.60948152029828
2026-09-12 09:15:00,AWS-001,30.30073946370421,1008.2540711380926,53.51801692961718
2026-09-12 09:30:00,AWS-001,30.23641147067764,1007.8469748528329,50.63835917702255
2026-09-12 09:45:00,AWS-001,29.404203574102603,1008.4699588080329,50.974607846611484
2026-09-12 10:00:00,AWS-001,29.03931759515811,1008.3806657466395,54.27830764957549
2026-09-12 10:15:00,AWS-001,27.539209179486008,1008.2273093323489,51.12216744100311
2026-09-12 10:30:00,AWS-001,28.519631296271996,1007.9995742651346,52.72602043851448
2026-09-12 10:45:00,AWS-001,27.74475996037431,1008.2006705214187,55.31455255894978
2026-09-12 11:00:00,AWS-001,27.569557415750104,1007.8050425068562,58.175252306308934
2026-09-12 11:15:00,AWS-001,25.112594887032284,1008.2662972443618,58.077015260095465
2026-09-12 11:30:00,AWS-001,27.08839689015086,1008.4991264218199,58.538757401730834
2026-09-12 11:45:00,AWS-001,25.45343021976363,1008.322253993041,59.17518853201976
2026-09-12 12:00:00,AWS-001,25.55409140836881,1007.7811192590577,60.80047171105346
2026-09-12 12:15:00,AWS-001,23.956822002596123,1008.1094960202291,61.38435274871059
2026-09-12 12:30:00,AWS-001,24.26217741477089,1007.6163396903952,59.897948333746875
2026-09-12 12:45:00,AWS-001,22.912569642284257,1008.1813476400083,63.01851327350801
2026-09-12 13:00:00,AWS-001,22.617563158832024,1008.1522913011112,61.73490835870213
2026-09-12 13:15:00,AWS-001,23.385499954508177,1007.4657684339705,64.98375706534893
2026-09-12 13:30:00,AWS-001,21.84319134069767,1007.6898942860199,64.77895560249975
2026-09-12 13:45:00,AWS-001,21.570406914837893,1007.9673043724222,71.71309359885068
2026-09-12 14:00:00,AWS-001,21.4350338653444,1007.9778904232795,67.42021123249653
2026-09-12 14:15:00,AWS-001,20.80327907982949,1007.7232762479099,65.52507436277084
2026-09-12 14:30:00,AWS-001,20.20511802050211,1008.2228333598155,68.8630610137768
2026-09-12 14:45:00,AWS-001,19.90771398043263,1008.2036302291675,70.92890471777667
2026-09-12 15:00:00,AWS-001,20.54485354312681,1008.0939601953838,73.95332961010317
2026-09-12 15:15:00,AWS-001,18.956472141651425,1007.9515349001101,70.09869231230715
2026-09-12 15:30:00,AWS-001,18.753722801027624,1008.5208666548597,68.73544415632121
2026-09-12 15:45:00,AWS-001,18.873570299583452,1008.7327796052298,74.10571820740013
2026-09-12 16:00:00,AWS-001,18.62455973620354,1008.1228807472772,70.22918364496716
2026-09-12 16:15:00,AWS-001,18.41853322051873,1008.1179455618003,72.58078023997527
2026-09-12 16:30:00,AWS-001,17.92832885092433,1008.4844230750185,73.34295201664726
2026-09-12 16:45:00,AWS-001,16.853056507673934,1008.2668978168928,74.06468503582633
2026-09-12 17:00:00,AWS-001,18.089309155838013,1008.3714741592186,75.86721630848467
2026-09-12 17:15:00,AWS-001,16.580545060264818,1008.6758750387919,73.34451064147567
2026-09-12 17:30:00,AWS-001,17.219758841629037,1007.9235135587899,74.32421441627363
2026-09-12 17:45:00,AWS-001,16.639990689081497,1008.93576255206,74.93934314268026
2026-09-12 18:00:00,AWS-001,16.967930826703505,1008.6075905949257,75.29919591503757
2026-09-12 18:15:00,AWS-001,17.18150981924291,1008.5093674525856,75.16353819799491
2026-09-12 18:30:00,AWS-001,17.229119716734644,1008.6545381235334,75.74368447105233
2026-09-12 18:45:00,AWS-001,17.364678133891793,1008.7199422381789,76.39945822533195
2026-09-12 19:00:00,AWS-001,18.07944902421677,1008.263116750949,75.27415562563797
2026-09-12 19:15:00,AWS-001,17.65132611479614,1009.2835260745004,75.11112298944502
2026-09-12 19:30:00,AWS-001,17.48688542226434,1008.901257223642,70.69374665417642
2026-09-12 19:45:00,AWS-001,18.307061651882634,1009.0767649378334,73.55354652132176
2026-09-12 20:00:00,AWS-001,18.666532014186778,1009.2854649311722,73.94939615276986
2026-09-12 20:15:00,AWS-001,17.734439194011113,1008.7508577890799,73.92992657367914
2026-09-12 20:30:00,AWS-001,18.951873312595026,1009.2574641892726,70.51559855590098
2026-09-12 20:45:00,AWS-001,19.335867911323614,1009.0942936131216,69.9595185624074
2026-09-12 21:00:00,AWS-001,19.194363998827544,1009.4886643678348,69.45840036723118
2026-09-12 21:15:00,AWS-001,20.413086885855183,1008.6573316780521,70.96301502628386
2026-09-12 21:30:00,AWS-001,20.05488077441391,1009.3273927793213,71.19918354497935
2026-09-12 21:45:00,AWS-001,20.618226362578902,1009.2385844487559,67.51863328071093
2026-09-12 22:00:00,AWS-001,20.913464087858024,1009.6120407949852,69.31592462725416
2026-09-12 22:15:00,AWS-001,21.469480002038697,1009.6868607301418,66.88128997161425
2026-09-12 22:30:00,AWS-001,21.390394997631667,1009.3975315875211,65.4916799311515
2026-09-12 22:45:00,AWS-001,21.708458836277458,1009.460556893958,64.39882351991169
2026-09-12 23:00:00,AWS-001,23.72670017079223,1009.7057480049928,65.3755084057423
2026-09-12 23:15:00,AWS-001,23.015796749711736,1009.5349730511464,63.5775104638162
2026-09-12 23:30:00,AWS-001,23.460094287511378,1010.1217888501753,66.50954373859615
2026-09-12 23:45:00,AWS-001,23.400079909356958,1009.8237996742223,59.276597652457575
2026-09-13 00:00:00,AWS-001,24.680519126155225,1009.1279035342035,61.03620340406
2026-09-13 00:15:00,AWS-001,24.861680137137277,1009.952991548657,57.96055104192506
2026-09-13 00:30:00,AWS-001,26.865217117828493,1009.8192431122071,56.30353314272213
2026-09-13 00:45:00,AWS-001,27.06563112080026,1009.7066515360208,57.051910895688295
2026-09-13 01:00:00,AWS-001,26.726477188231236,1009.8898243929733,56.392419282276386
2026-09-13 01:15:00,AWS-001,28.6977336250974,1010.3586134883391,61.01475513057285
2026-09-13 01:30:00,AWS-001,28.552350202416484,1010.7887728925067,53.89145688315731
2026-09-13 01:45:00,AWS-001,28.375893829997683,1010.5481078682282,51.105312187745646
2026-09-13 02:00:00,AWS-001,27.750297142563113,1010.3356870737404,53.04602143498896
2026-09-13 02:15:00,AWS-001,30.59003315045211,1010.7173406130602,47.51716642961338
2026-09-13 02:30:00,AWS-001,29.175305198687905,1010.5051518375407,50.684664999660775
2026-09-13 02:45:00,AWS-001,29.452067147322058,1010.4961199850935,50.14186333808938
2026-09-13 03:00:00,AWS-001,31.168139465497166,1010.4190580642603,50.98259904809227
2026-09-13 03:15:00,AWS-001,32.23459466300144,1010.2998654175832,50.66964738667107
2026-09-13 03:30:00,AWS-001,32.038963131585135,1010.7676002684702,47.09256065781605
2026-09-13 03:45:00,AWS-001,31.93371145844648,1010.990209520628,47.22672778620207
2026-09-13 04:00:00,AWS-001,32.225580401108104,1010.9710128989956,45.477377282012164
2026-09-13 04:15:00,AWS-001,32.60168971165163,1010.9313456229165,44.290783767394345
2026-09-13 04:30:00,AWS-001,32.770500554983656,1010.8274166478301,46.76159657109201
2026-09-13 04:45:00,AWS-001,32.71603674794552,1011.347429251241,43.24887696038024
2026-09-13 05:00:00,AWS-001,32.77950716228848,1010.8223832820335,44.68185880452026
2026-09-13 05:15:00,AWS-001,32.81498567927606,1011.5015949424803,43.297872874153114
2026-09-13 05:30:00,AWS-001,32.55457659655713,1011.018026524522,46.22769345197339
2026-09-13 05:45:00,AWS-001,32.84253384747544,1011.1414540328399,48.63497634995393
2026-09-13 06:00:00,AWS-001,32.15352159290231,1010.9741780051884,42.39682403439334
2026-09-13 06:15:00,AWS-001,32.93370157251145,1011.30930750133,41.32607918562581
2026-09-13 06:30:00,AWS-001,32.437263337415025,1011.7962733525013,44.878553308692695
2026-09-13 06:45:00,AWS-001,32.29448758461796,1011.7007093332587,45.31961638586706
2026-09-13 07:00:00,AWS-001,32.817353685889316,1011.8802333141908,45.948431219178524
2026-09-13 07:15:00,AWS-001,33.271442179133174,1011.7823361329633,44.90340702710467
2026-09-13 07:30:00,AWS-001,32.85019456309148,1011.331838276046,45.74052841467978
2026-09-13 07:45:00,AWS-001,31.389731630449944,1011.5991675957548,47.281929698090835
2026-09-13 08:00:00,AWS-001,31.433389161990362,1011.4979910688336,49.090480728523055
2026-09-13 08:15:00,AWS-001,32.12214249241448,1012.1630149999085,43.61785827482523
2026-09-13 08:30:00,AWS-001,30.855583025560804,1011.4347088891375,47.36182101756841
2026-09-13 08:45:00,AWS-001,30.902401884833377,1012.0898369566592,49.15002047569733
2026-09-13 09:00:00,AWS-001,30.93188029900472,1012.1156452260552,47.5574460729802
2026-09-13 09:15:00,AWS-001,29.790594293368788,1012.4206979140295,53.57215203703347
2026-09-13 09:30:00,AWS-001,29.922779185142787,1011.7709542812014,49.59775880441164
2026-09-13 09:45:00,AWS-001,28.77754911669775,1012.1275773193385,51.583861130691346
2026-09-13 10:00:00,AWS-001,28.69931617802441,1012.6163472035398,53.612044193684554
2026-09-13 10:15:00,AWS-001,28.698200488823385,1011.7624614554746,52.183100069111
2026-09-13 10:30:00,AWS-001,27.264970592154974,1011.5010584865468,50.56660241891465
2026-09-13 10:45:00,AWS-001,27.79175309140557,1011.4092836539975,54.32109896661937
2026-09-13 11:00:00,AWS-001,27.06073346135689,1012.196703331406,58.17659543531616
2026-09-13 11:15:00,AWS-001,26.836967553337647,1011.4254243909269,56.399854916187714
2026-09-13 11:30:00,AWS-001,26.156166604792777,1011.8840221305958,56.349238513781216
2026-09-13 11:45:00,AWS-001,26.20529524882808,1012.1301231310645,60.87029748055327
2026-09-13 12:00:00,AWS-001,25.062612251324065,1012.055552661049,59.33845020795369
2026-09-13 12:15:00,AWS-001,24.26207219559632,1012.055552661049,59.96072531115154
2026-09-13 12:30:00,AWS-001,24.016939213755805,1012.055552661049,62.25680506262725
2026-09-13 12:45:00,AWS-001,23.710926438389222,1012.055552661049,64.4678552494794
2026-09-13 13:00:00,AWS-001,22.953877674342724,1012.055552661049,68.64571274000282
2026-09-13 13:15:00,AWS-001,22.448780123176668,1012.055552661049,66.47606419486222
2026-09-13 13:30:00,AWS-001,21.587536697176017,1012.055552661049,68.05993141825283
2026-09-13 13:45:00,AWS-001,21.13024001947261,1012.055552661049,65.62239795530913
2026-09-13 14:00:00,AWS-001,20.298697364100228,1012.055552661049,65.4482637880609
2026-09-13 14:15:00,AWS-001,21.43022650743671,1012.055552661049,68.45821619453217
2026-09-13 14:30:00,AWS-001,19.50797695023463,1012.055552661049,69.34576126564993
2026-09-13 14:45:00,AWS-001,19.37878088030152,1012.055552661049,67.73316174377179
2026-09-13 15:00:00,AWS-001,18.983942117723032,1012.055552661049,70.25601265799015
2026-09-13 15:15:00,AWS-001,19.432743728640475,1012.055552661049,72.07623231562279
2026-09-13 15:30:00,AWS-001,18.505698438524163,1012.055552661049,72.62108689440457
2026-09-13 15:45:00,AWS-001,18.97211413791655,1012.055552661049,73.48061989130663
2026-09-13 16:00:00,AWS-001,17.735051457602587,1012.055552661049,73.57231051704142
2026-09-13 16:15:00,AWS-001,17.964515148850413,1012.055552661049,72.43907380445017
2026-09-13 16:30:00,AWS-001,17.19129021327984,1012.055552661049,72.8303917343716
2026-09-13 16:45:00,AWS-001,18.497133527925886,1012.055552661049,71.80604914643877
2026-09-13 17:00:00,AWS-001,16.678794180172726,1012.055552661049,78.05843747270616
2026-09-13 17:15:00,AWS-001,17.30862811188769,1011.7732694515267,74.73867993528701
2026-09-13 17:30:00,AWS-001,17.385329549475575,1011.914840458157,74.42196680901743
2026-09-13 17:45:00,AWS-001,17.224028162816925,1011.6682890154209,73.11029968567414
2026-09-13 18:00:00,AWS-001,16.907356170561147,1011.4993388694716,80.87131580465555
2026-09-13 18:15:00,AWS-001,16.952218264224456,1011.0708226017755,72.82122778413326
2026-09-13 18:30:00,AWS-001,17.090346844999058,1011.0646363403625,74.01397706939504
2026-09-13 18:45:00,AWS-001,17.080216755959892,1011.6436722399163,75.54345287862061
2026-09-13 19:00:00,AWS-001,17.754532948084886,1011.451327559189,75.68931332582461
2026-09-13 19:15:00,AWS-001,18.529820464834806,1011.1532495379223,76.119816052858
2026-09-13 19:30:00,AWS-001,17.33021784740577,1010.9857676023094,77.47341000320787
2026-09-13 19:45:00,AWS-001,17.14011657794894,1010.4483933393673,74.46540643391178
2026-09-13 20:00:00,AWS-001,18.027655745548856,1010.6787442743947,70.87831945683325
2026-09-13 20:15:00,AWS-001,19.638097770406738,1011.5162191997939,71.95815393429473
2026-09-13 20:30:00,AWS-001,18.251335993685196,1010.5004407091373,72.51596484939641
2026-09-13 20:45:00,AWS-001,19.804839942890165,1010.8822580059751,75.41404919519641
2026-09-13 21:00:00,AWS-001,20.181996157545797,1011.0676000566887,67.81099076094971
2026-09-13 21:15:00,AWS-001,19.44843935834542,1010.3280232954418,72.29534023695155
2026-09-13 21:30:00,AWS-001,20.41440010752285,1010.6982920730406,69.49125017422368
2026-09-13 21:45:00,AWS-001,21.36963644740735,1010.8619440157621,70.00921456575318
2026-09-13 22:00:00,AWS-001,20.810436129506165,1010.5213878867772,67.29601056672831
2026-09-13 22:15:00,AWS-001,21.359900298196727,1011.3146734427688,64.94946509303252
2026-09-13 22:30:00,AWS-001,21.647692084104893,1009.8896008663688,67.24199704427915
2026-09-13 22:45:00,AWS-001,21.92110591222822,1010.6434095057543,66.13045403375877
2026-09-13 23:00:00,AWS-001,22.604808866646795,1010.2092118632211,65.82639960801733
2026-09-13 23:15:00,AWS-001,22.827307290489827,1010.4276103271101,62.89974555948469
2026-09-13 23:30:00,AWS-001,23.972832196369083,1010.2631984039701,60.758248836661295
2026-09-13 23:45:00,AWS-001,24.091788350629436,1009.8454913065106,57.86347294840465
2026-09-14 00:00:00,AWS-001,25.116892955895292,1010.0686989177378,61.63874653627897
2026-09-14 00:15:00,AWS-001,24.745277210739264,1009.377191398937,59.86673202643595
2026-09-14 00:30:00,AWS-001,26.209649653867594,1010.0501679917111,56.110541850971394
2026-09-14 00:45:00,AWS-001,26.97748705693346,1009.893413259138,55.99649782316488
2026-09-14 01:00:00,AWS-001,26.073684539534312,1009.9305456661529,55.18419669955954
2026-09-14 01:15:00,AWS-001,27.758544007348977,1009.991644550737,52.21243915648793
2026-09-14 01:30:00,AWS-001,28.675301955157277,1009.7201053080306,52.62438372131355
2026-09-14 01:45:00,AWS-001,27.933489012406337,1009.5902742998708,51.0980089331024
2026-09-14 02:00:00,AWS-001,29.8362861934188,1009.2180414087966,51.67504197622423
2026-09-14 02:15:00,AWS-001,29.654071368839805,1009.2057644163963,50.1890515080469
2026-09-14 02:30:00,AWS-001,29.517585504190542,1009.7131414554468,47.614568723135726
2026-09-14 02:45:00,AWS-001,30.246881981971608,1009.7264005258693,54.1549932346381
2026-09-14 03:00:00,AWS-001,30.936017705753166,1009.1632000043762,51.89847974426039
2026-09-14 03:15:00,AWS-001,31.052721155537967,1009.1883867645672,47.164364044775475
2026-09-14 03:30:00,AWS-001,31.61620471855302,1008.8440383070638,48.64454268893877
2026-09-14 03:45:00,AWS-001,31.19142010188065,1009.4090335799282,48.36288599510447
2026-09-14 04:00:00,AWS-001,32.01288364229353,1009.1996250471076,49.3917906527804
2026-09-14 04:15:00,AWS-001,31.468124683809005,1009.5262295296384,44.90969882368953
2026-09-14 04:30:00,AWS-001,32.3354232294159,1008.625362610807,48.32602058029563
2026-09-14 04:45:00,AWS-001,32.12348721522842,1008.721642236559,44.7002374491596
2026-09-14 05:00:00,AWS-001,32.359641639017646,1008.8519109187403,42.83938779732679
2026-09-14 05:15:00,AWS-001,33.46432883083105,1008.9251602929904,46.73649391258056
2026-09-14 05:30:00,AWS-001,33.47721395128761,1008.6166080785356,47.709843927637706
2026-09-14 05:45:00,AWS-001,33.28744044636241,1008.3709270688181,50.20793409848232
2026-09-14 06:00:00,AWS-001,32.45384361766371,1008.850208696304,42.600549469819576
2026-09-14 06:15:00,AWS-001,32.824667161061434,1008.756612463368,46.429955521582514
2026-09-14 06:30:00,AWS-001,33.53810774098009,1008.2214381548729,44.30872459180575
2026-09-14 06:45:00,AWS-001,32.91714070004581,1008.8606119336062,46.85493821499958
2026-09-14 07:00:00,AWS-001,33.88707138030341,1008.7643529321765,42.57013350320145
2026-09-14 07:15:00,AWS-001,32.77209995565804,1008.4145955799911,43.27050850617626
2026-09-14 07:30:00,AWS-001,32.487060818335316,1008.3609401341078,44.590057365997716
2026-09-14 07:45:00,AWS-001,32.02042370016031,1008.4678129682817,46.704836968345745
2026-09-14 08:00:00,AWS-001,31.9949736826667,1008.0094382713543,45.72745641015661
2026-09-14 08:15:00,AWS-001,31.575521980230135,1008.2451669150526,48.846064503288574
2026-09-14 08:30:00,AWS-001,31.700881060674217,1007.5605394535519,50.15348913214722
2026-09-14 08:45:00,AWS-001,31.493069618229146,1008.4412090438085,49.92155797030599
2026-09-14 09:00:00,AWS-001,30.26385951923843,1007.6837929682448,52.63097356152348
2026-09-14 09:15:00,AWS-001,29.609150044021757,1008.5792140950141,50.94146603240947
2026-09-14 09:30:00,AWS-001,28.951988745518207,1008.0071037128198,48.434785144188695
2026-09-14 09:45:00,AWS-001,29.69855752761317,1008.0226192339562,54.3931995317825
2026-09-14 10:00:00,AWS-001,28.448316696913132,1007.8798281755965,51.28968752878788
2026-09-14 10:15:00,AWS-001,27.461864225275825,1007.9658343792687,55.186506646086016
2026-09-14 10:30:00,AWS-001,28.25575676118624,1008.463988842738,57.40721694763379
2026-09-14 10:45:00,AWS-001,28.818015481141714,1007.2803707388697,56.09178404191333
2026-09-14 11:00:00,AWS-001,27.06751690505034,1008.4001998930788,53.12539669713267
2026-09-14 11:15:00,AWS-001,26.97996796335495,1008.111037590986,55.237220836738295
2026-09-14 11:30:00,AWS-001,26.085124217034284,1007.6421756591657,60.68759605046933
2026-09-14 11:45:00,AWS-001,25.473780207245646,1007.6784771071325,58.68070769026209
2026-09-14 12:00:00,AWS-001,25.459538241493938,1008.5029179081624,60.159147069884234
2026-09-14 12:15:00,AWS-001,24.331637694064568,1007.7174187610644,62.49869577077929
2026-09-14 12:30:00,AWS-001,24.08948661927556,1007.658277000344,63.35053860746138
2026-09-14 12:45:00,AWS-001,23.600126326969097,1008.350824909365,63.48395445501263
2026-09-14 13:00:00,AWS-001,22.595402412358407,1008.1186761401382,63.4649489340967
2026-09-14 13:15:00,AWS-001,22.92450545234305,1007.7453356628693,64.19625508808257
2026-09-14 13:30:00,AWS-001,21.85105266273164,1008.103416931815,67.45604913605892
2026-09-14 13:45:00,AWS-001,21.08381789850161,1007.7445202363532,67.74146941542053
2026-09-14 14:00:00,AWS-001,21.268254921785232,1008.3983947669486,66.98539999876436
2026-09-14 14:15:00,AWS-001,20.10620414494777,1008.4045306179975,70.49777812128012
2026-09-14 14:30:00,AWS-001,20.143999146614885,1008.2657416006564,68.87335320487108
2026-09-14 14:45:00,AWS-001,19.720673980877418,1008.2366864648595,68.18686287783211
2026-09-14 15:00:00,AWS-001,19.886093533423463,1008.6805973724375,69.08866031999142
2026-09-14 15:15:00,AWS-001,19.222630656608196,1008.178178248374,69.32011543956506
2026-09-14 15:30:00,AWS-001,18.640659798297573,1007.8516922793084,71.35548007116111
2026-09-14 15:45:00,AWS-001,18.757126251179795,1008.370999645153,74.93949274121053
2026-09-14 16:00:00,AWS-001,18.766900544233206,1008.8937633072923,71.38019069470545
2026-09-14 16:15:00,AWS-001,18.10392322091447,1007.9971677889911,73.83004264502645
2026-09-14 16:30:00,AWS-001,17.61414004983143,1008.2286219453867,72.54481429641442
2026-09-14 16:45:00,AWS-001,16.7686408478641,1008.4992404422472,73.68333385988366
2026-09-14 17:00:00,AWS-001,16.740036558149782,1008.3971218647158,71.4688049703655
2026-09-14 17:15:00,AWS-001,17.00110540459683,1008.1592880191613,74.27070274773537
2026-09-14 17:30:00,AWS-001,16.763685007929894,1008.8328777419111,74.4842621609972
2026-09-14 17:45:00,AWS-001,16.923642962598453,1009.2362840712094,76.04845973665043
2026-09-14 18:00:00,AWS-001,17.028324962448554,1008.6446258753341,75.44656182651075
2026-09-14 18:15:00,AWS-001,17.281974991269532,1008.3615949090334,72.57109959867498
2026-09-14 18:30:00,AWS-001,17.033191719979964,1008.2166202122837,77.04006940869425
2026-09-14 18:45:00,AWS-001,17.39696857868725,1008.808606226039,75.13238528649246
2026-09-14 19:00:00,AWS-001,17.304830597092508,1009.1136403449774,74.885674428691
2026-09-14 19:15:00,AWS-001,16.436825680862178,1008.9775949302131,74.18558723565639
2026-09-14 19:30:00,AWS-001,17.13929604300029,1008.8881383816852,72.82267809322494
2026-09-14 19:45:00,AWS-001,17.752974289877645,1008.7670828031625,73.88869580248786
2026-09-14 20:00:00,AWS-001,17.4669493983039,1008.6723509101846,73.94155792862382
2026-09-14 20:15:00,AWS-001,18.64820746657771,1009.3076319242455,68.97825280184712
2026-09-14 20:30:00,AWS-001,19.418548693841945,1009.3895541059776,70.82277842967638
2026-09-14 20:45:00,AWS-001,19.594662466016825,1008.710867004384,70.76770317137752
2026-09-14 21:00:00,AWS-001,19.23642431504243,1009.7115848287241,71.11894292918693
2026-09-14 21:15:00,AWS-001,20.470596547624346,1009.4677212704257,72.27680923835544
2026-09-14 21:30:00,AWS-001,20.20424229653122,1009.7769994629374,67.58793980593737
2026-09-14 21:45:00,AWS-001,20.386895150284108,1009.0167923209456,67.33762980165845
2026-09-14 22:00:00,AWS-001,20.693298668229488,1009.0726146631703,66.47493177870699
2026-09-14 22:15:00,AWS-001,21.310455635003894,1009.5011566810011,65.031275173076
2026-09-14 22:30:00,AWS-001,21.74444413180855,1009.7606546840362,65.04587849525205
2026-09-14 22:45:00,AWS-001,22.513692388762344,1010.2131173000889,66.36319641952356
2026-09-14 23:00:00,AWS-001,23.009734629704674,1009.9507712897044,61.77461468580929
2026-09-14 23:15:00,AWS-001,23.440800433947604,1009.7311613362973,63.78198362054788
2026-09-14 23:30:00,AWS-001,24.1742595471127,1009.5612829792399,58.55408842326422
2026-09-14 23:45:00,AWS-001,25.07209810355198,1010.3035620061722,59.85837094556782
2026-09-15 00:00:00,AWS-001,25.474777067720634,1009.7105883722747,59.34102139956408
2026-09-15 00:15:00,AWS-001,24.780776049616072,1010.5539787320752,62.368672407376216
2026-09-15 00:30:00,AWS-001,24.76724897030933,1010.0454908635784,57.492502507194054
2026-09-15 00:45:00,AWS-001,27.027882531748574,1010.6732089024445,52.671158222856405
2026-09-15 01:00:00,AWS-001,26.387113011612385,1010.4647317714579,52.11993650973982
2026-09-15 01:15:00,AWS-001,27.4591330214789,1010.2846922999564,55.24646719314603
2026-09-15 01:30:00,AWS-001,27.476410945891,1010.2343617324844,55.48729022610354
2026-09-15 01:45:00,AWS-001,27.63731930296198,1010.3518801628649,54.11658136196952
2026-09-15 02:00:00,AWS-001,29.27073136410229,1010.6461330979176,52.83514021160217
2026-09-15 02:15:00,AWS-001,29.824139444308056,1010.6037163033743,53.99096569971746
2026-09-15 02:30:00,AWS-001,29.58183623170634,1010.4647355081858,49.78939612339504
2026-09-15 02:45:00,AWS-001,28.979245374728045,1010.6548106727472,51.89963388555271
2026-09-15 03:00:00,AWS-001,30.383732025366108,1010.7889399736459,46.129368512149014
2026-09-15 03:15:00,AWS-001,31.210620462533072,1010.1867938312843,46.912507221939244
2026-09-15 03:30:00,AWS-001,30.607370937942736,1011.0220278148746,44.485617105767986
2026-09-15 03:45:00,AWS-001,31.743436858309877,1010.6488771062369,46.97826521412235
2026-09-15 04:00:00,AWS-001,31.920548305688964,1010.6540002790383,46.91709650870082
2026-09-15 04:15:00,AWS-001,32.464627682062016,1010.5499323971675,46.77511186146278
2026-09-15 04:30:00,AWS-001,32.45082644429735,1010.5729727166788,46.26557371810502
2026-09-15 04:45:00,AWS-001,32.08890656552005,1010.7583211428018,43.940941395949984
2026-09-15 05:00:00,AWS-001,33.32569236114479,1011.0048165707283,45.13063091683756
2026-09-15 05:15:00,AWS-001,32.76701745671234,1011.8547643095852,42.29332745674009
2026-09-15 05:30:00,AWS-001,32.91790662123551,1011.1609277274315,47.85478502965737
2026-09-15 05:45:00,AWS-001,32.51623740637223,1011.4205096359261,44.424864005624954
2026-09-15 06:00:00,AWS-001,32.77835887440425,1011.534357978325,44.02222776191262
2026-09-15 06:15:00,AWS-001,32.54047002889538,1011.4990477012603,48.20999680830911
2026-09-15 06:30:00,AWS-001,32.84508586102878,1011.4804465767402,42.64383401229438
2026-09-15 06:45:00,AWS-001,33.702136483297046,1011.1874327776458,43.03704656588756
2026-09-15 07:00:00,AWS-001,32.0414560388469,1012.0219849450662,43.31867195592679
2026-09-15 07:15:00,AWS-001,31.768660337022506,1012.1678523622745,45.66030529417439
2026-09-15 07:30:00,AWS-001,33.12662142383713,1011.1581416163683,47.00507027160584
2026-09-15 07:45:00,AWS-001,32.070320093685595,1011.3911957857872,48.02625981324529
2026-09-15 08:00:00,AWS-001,31.593666860945575,1011.6481077048558,52.15360957822332
2026-09-15 08:15:00,AWS-001,32.17170924211842,1011.4744811902236,43.02909090706026
2026-09-15 08:30:00,AWS-001,31.044018952461524,1011.945535149102,49.31717107388017
2026-09-15 08:45:00,AWS-001,31.92772331660536,1011.6032459891204,47.608141742670746
2026-09-15 09:00:00,AWS-001,30.995817185162082,1012.4972758853646,48.22056798442412
2026-09-15 09:15:00,AWS-001,30.030810816727755,1012.2289764318177,48.8702685169911
2026-09-15 09:30:00,AWS-001,30.948745538702564,1011.9576324681799,49.051039223253156
2026-09-15 09:45:00,AWS-001,29.141704402655183,1012.2219765504603,55.035496173912804
2026-09-15 10:00:00,AWS-001,29.371047686004676,1012.2636217798854,54.18459465402777
2026-09-15 10:15:00,AWS-001,28.687955811955366,1011.7785697121373,53.41206160382953
2026-09-15 10:30:00,AWS-001,28.712338103620212,1011.7167053874439,56.961780019497475
2026-09-15 10:45:00,AWS-001,28.3522713207888,1011.9967295830606,52.15335008985467
2026-09-15 11:00:00,AWS-001,27.08655443535312,1012.241380560097,53.456304060800214
2026-09-15 11:15:00,AWS-001,26.184013640955985,1012.0320875729404,52.717709705368605
2026-09-15 11:30:00,AWS-001,26.274195609230006,1011.5226189018199,56.643278036452585
2026-09-15 11:45:00,AWS-001,25.18436734896522,1011.7580818417675,59.342350114957114
2026-09-15 12:00:00,AWS-001,26.006693623763425,1011.9778081409216,60.205717155864455
2026-09-15 12:15:00,AWS-001,24.545042631700323,1011.9762294936551,61.27973076057173
2026-09-15 12:30:00,AWS-001,23.773129686583612,1012.5874804995142,59.13577922116846
2026-09-15 12:45:00,AWS-001,23.531617576803487,1011.5745730706248,64.53266431546984
2026-09-15 13:00:00,AWS-001,22.255884494415028,1012.1345664952984,64.36154071301573
2026-09-15 13:15:00,AWS-001,21.942677258319407,1012.4200205966682,66.28770054247937
2026-09-15 13:30:00,AWS-001,22.53873949505161,1012.6430054844333,61.954727130296035
2026-09-15 13:45:00,AWS-001,21.13324333876239,1011.8264347315995,67.25731207088042
2026-09-15 14:00:00,AWS-001,20.47654450865911,1012.0792804883943,65.12446952016481
2026-09-15 14:15:00,AWS-001,20.823764512106887,1012.084808778624,67.53890699019121
2026-09-15 14:30:00,AWS-001,20.72276064526178,1011.9525047784563,70.2001512324035
2026-09-15 14:45:00,AWS-001,20.08471013453201,1011.8421582931428,70.0723744390128
2026-09-15 15:00:00,AWS-001,19.841169593410623,1011.9785516818727,68.90352175823939
2026-09-15 15:15:00,AWS-001,18.60688399588353,1011.0620538242765,71.29014342455335
2026-09-15 15:30:00,AWS-001,17.94226794429926,1011.9983663300842,68.83722947388112
2026-09-15 15:45:00,AWS-001,19.098909927557425,1011.8016958997953,74.77257897633469
2026-09-15 16:00:00,AWS-001,17.910456850303458,1011.6653083385354,72.57981301777401
2026-09-15 16:15:00,AWS-001,17.69960155951099,1012.3124630217691,75.69019101150094
2026-09-15 16:30:00,AWS-001,18.27306081083425,1011.460459018968,72.80512961347718
2026-09-15 16:45:00,AWS-001,17.702673968739525,1011.5047705724638,73.15679996561333
2026-09-15 17:00:00,AWS-001,17.500537275728288,1012.1841726712439,72.96051382106029
2026-09-15 17:15:00,AWS-001,18.236218929224716,1011.2964025152705,76.46412706943457
2026-09-15 17:30:00,AWS-001,16.746681993819454,1011.338645030077,73.45281060595019
2026-09-15 17:45:00,AWS-001,17.481048678131796,1011.4156205183665,76.25707471340941
2026-09-15 18:00:00,AWS-001,17.02850656244854,1011.666433907012,74.23509520466142
2026-09-15 18:15:00,AWS-001,17.1514247535228,1011.4295253562517,71.01595724879581
2026-09-15 18:30:00,AWS-001,17.832675322215767,1010.9309040260545,73.73104478503424
2026-09-15 18:45:00,AWS-001,17.407635634918947,1011.1091359993892,72.3535627773228
2026-09-15 19:00:00,AWS-001,17.541741429212244,1011.0353165280537,74.55669284170074
2026-09-15 19:15:00,AWS-001,17.960812632694033,1011.1417890801687,71.82313647107765
2026-09-15 19:30:00,AWS-001,17.426487375138244,1011.2388935636282,75.71014318909857
2026-09-15 19:45:00,AWS-001,17.405413234068973,1011.1815974280671,73.2709394022843
2026-09-15 20:00:00,AWS-001,17.549392172713908,1010.4671964737855,72.63518906724923
2026-09-15 20:15:00,AWS-001,17.36506480689157,1011.2619757699204,73.78382846011347
2026-09-15 20:30:00,AWS-001,19.681276842640216,1010.960348034237,73.82811397252037
2026-09-15 20:45:00,AWS-001,18.433677357307285,1011.2407736738869,71.23739960864546
2026-09-15 21:00:00,AWS-001,19.232518938714687,1010.8986263629173,69.06420111869971
2026-09-15 21:15:00,AWS-001,19.586826829254953,1011.0348969831632,66.34224799427685
2026-09-15 21:30:00,AWS-001,20.28361191683476,1010.7828425240414,67.7593219210605
2026-09-15 21:45:00,AWS-001,20.963306742112724,1010.9844370813698,67.0991290019983
2026-09-15 22:00:00,AWS-001,21.430236744179776,1010.6743132810104,67.71411490598477
2026-09-15 22:15:00,AWS-001,21.17015175896344,1010.424777952136,65.94403659100912
2026-09-15 22:30:00,AWS-001,21.854971684186005,1011.0719110601664,67.11611742957933
2026-09-15 22:45:00,AWS-001,22.569774252818803,1010.5925020834732,63.59562543700614
2026-09-15 23:00:00,AWS-001,22.805102076088023,1010.4331757107414,63.768203342832
2026-09-15 23:15:00,AWS-001,24.242950211880835,1009.8131429556976,65.29432971663596
2026-09-15 23:30:00,AWS-001,24.201277938058592,1009.7443139732212,62.64154331121093
2026-09-15 23:45:00,AWS-001,24.84421385918366,1010.1532528102861,60.860971855075206
2026-09-16 00:00:00,AWS-001,25.33144063433362,1010.0436563593305,58.79611111612981
2026-09-16 00:15:00,AWS-001,26.10996196258374,1009.750325064854,57.75249026811803
2026-09-16 00:30:00,AWS-001,26.134720317112215,1009.9114885514233,56.34088061079542
2026-09-16 00:45:00,AWS-001,25.91230660215107,1010.280553797754,55.991631438192336
2026-09-16 01:00:00,AWS-001,27.270396336696358,1009.947568357925,57.62904600095105
2026-09-16 01:15:00,AWS-001,27.24583727552927,1009.331906500285,54.73463147786824
2026-09-16 01:30:00,AWS-001,27.797159118045748,1009.5763667078248,51.56020237576136
2026-09-16 01:45:00,AWS-001,28.831491531129483,1009.3043575296755,56.90200823283469
2026-09-16 02:00:00,AWS-001,29.619141535716764,1009.3660519348723,53.13993038229042
2026-09-16 02:15:00,AWS-001,29.455197652524813,1009.2953459458022,48.8525597036797
2026-09-16 02:30:00,AWS-001,30.024507938369226,1009.2138273946125,49.984880710387586
2026-09-16 02:45:00,AWS-001,31.125873993118073,1008.9189592925655,50.33158553915598
2026-09-16 03:00:00,AWS-001,30.77723083923659,1009.1963367308144,52.802582468796686
2026-09-16 03:15:00,AWS-001,32.31556001692196,1009.006403649337,46.50617797129771
2026-09-16 03:30:00,AWS-001,31.62958154514561,1008.2365880125612,50.05178133434345
2026-09-16 03:45:00,AWS-001,30.771375518842422,1009.6730981336984,50.32692866940656
2026-09-16 04:00:00,AWS-001,32.304874040827755,1009.326630896265,45.75231033308432
2026-09-16 04:15:00,AWS-001,32.365561124702836,1008.8309740812218,45.99188163928932
2026-09-16 04:30:00,AWS-001,33.03591263713162,1008.894505248883,44.06918851758325
2026-09-16 04:45:00,AWS-001,32.912031711595795,1008.4835483020692,45.389125775412865
2026-09-16 05:00:00,AWS-001,32.65817861832064,1009.2911940053258,45.437932656978155
2026-09-16 05:15:00,AWS-001,32.234133125081144,1009.3004000401046,46.60752079011631
2026-09-16 05:30:00,AWS-001,32.82704726234746,1008.7283164882739,47.308694021433745
2026-09-16 05:45:00,AWS-001,32.55761115880417,1008.9398745892098,43.53592402217765
2026-09-16 06:00:00,AWS-001,32.709738275097635,1008.6383724713071,41.06534987154801
2026-09-16 06:15:00,AWS-001,33.277160588119145,1008.1392542229416,44.989626592868454
2026-09-16 06:30:00,AWS-001,33.7665111431662,1008.372773374353,45.7154021393301
2026-09-16 06:45:00,AWS-001,33.04361800813735,1008.4935574833061,45.7870561693216
2026-09-16 07:00:00,AWS-001,32.129465079294974,1008.2769290037945,44.857766110645855
2026-09-16 07:15:00,AWS-001,32.79774237007093,1008.3087106475863,46.04555225690125
2026-09-16 07:30:00,AWS-001,32.989352003413174,1008.3096409081421,49.17269662903509
2026-09-16 07:45:00,AWS-001,31.87009048010187,1008.2773320875873,47.31037721493459
2026-09-16 08:00:00,AWS-001,31.861194646939104,1008.2836267395804,46.26288209322715
2026-09-16 08:15:00,AWS-001,31.659100995785007,1007.9179759513843,46.52756018126974
2026-09-16 08:30:00,AWS-001,30.954377565788807,1007.9911496721963,47.75999518027593
2026-09-16 08:45:00,AWS-001,31.338858676753784,1007.7928970704476,51.99588281147655
2026-09-16 09:00:00,AWS-001,30.596380175188514,1008.4455855998832,49.02679686314934
2026-09-16 09:15:00,AWS-001,30.48453274275417,1007.4964940639333,50.07022408445736
2026-09-16 09:30:00,AWS-001,29.426345343168805,1008.4522168440049,49.903951422996414
2026-09-16 09:45:00,AWS-001,29.225832713995192,1008.5020241477145,53.86441321958974
2026-09-16 10:00:00,AWS-001,29.361190678913957,1007.9774941713271,56.41967450948921
2026-09-16 10:15:00,AWS-001,28.351892945706187,1007.2713049150971,54.26689574557765
2026-09-16 10:30:00,AWS-001,28.924949384537467,1007.9300362706034,54.42529432209442
2026-09-16 10:45:00,AWS-001,27.37169762961802,1008.0074580874435,55.251973686800994
2026-09-16 11:00:00,AWS-001,27.182894723696233,1007.7139308112737,51.34910074589047
2026-09-16 11:15:00,AWS-001,27.02701799206568,1007.8550650285131,58.56394689832751
2026-09-16 11:30:00,AWS-001,25.33502667129399,1008.4633407131818,58.310439948690735
2026-09-16 11:45:00,AWS-001,24.642820627850835,1008.2005489737378,59.87563716286916
2026-09-16 12:00:00,AWS-001,24.237171842715014,1007.7226307656865,58.57707561183248
2026-09-16 12:15:00,AWS-001,25.108067017872486,1007.5217910741686,60.21213318049789
2026-09-16 12:30:00,AWS-001,23.679861389293503,1007.9061769582398,61.135843010294174
2026-09-16 12:45:00,AWS-001,24.71837706670522,1007.9455935128505,64.96960079838777
2026-09-16 13:00:00,AWS-001,22.64732383985124,1008.1659700334615,63.12476600333143
2026-09-16 13:15:00,AWS-001,22.52075992917331,1007.86611832206,68.98691262376686
2026-09-16 13:30:00,AWS-001,22.709587517363286,1008.1918793118022,66.60197632350629
2026-09-16 13:45:00,AWS-001,22.4647369223276,1008.6327922534633,64.08296503329348
2026-09-16 14:00:00,AWS-001,22.03075178831823,1008.3127986541551,67.24290741349603
2026-09-16 14:15:00,AWS-001,21.159621251139864,1008.0716927763364,67.030203250981
2026-09-16 14:30:00,AWS-001,20.641939830836055,1008.0511945996938,64.74265649549059
2026-09-16 14:45:00,AWS-001,20.021496953800117,1008.0211862062314,73.08912910672848
2026-09-16 15:00:00,AWS-001,19.732326288590997,1008.506433208713,72.01288680223811
2026-09-16 15:15:00,AWS-001,18.709688682003957,1007.9900783163722,72.3440117479832
2026-09-16 15:30:00,AWS-001,18.244073835958996,1008.2198213296347,72.23110742496787
2026-09-16 15:45:00,AWS-001,18.346555872874244,1008.2515168418676,69.70800904715315
2026-09-16 16:00:00,AWS-001,17.98670445846209,1008.1174139345877,72.0231467776556
2026-09-16 16:15:00,AWS-001,17.598404043074904,1007.8898559725816,75.13665267255826
2026-09-16 16:30:00,AWS-001,17.957157463638097,1008.4339531264802,71.75575292810423
2026-09-16 16:45:00,AWS-001,17.902211568324432,1008.3560054392602,69.14041330992491
2026-09-16 17:00:00,AWS-001,17.316796832833393,1008.5633654602485,74.03467537877414
2026-09-16 17:15:00,AWS-001,17.892482797301795,1008.2938990013428,74.42826409799338
2026-09-16 17:30:00,AWS-001,16.49759655194278,1008.862566774686,75.14279975343655
2026-09-16 17:45:00,AWS-001,16.920298884451324,1008.2772397202407,76.4249211356081
2026-09-16 18:00:00,AWS-001,16.6415888396986,1009.0993985228323,76.27521162446241
2026-09-16 18:15:00,AWS-001,16.083860305554637,1008.1085244430058,75.48542345906691
2026-09-16 18:30:00,AWS-001,17.02710076608816,1008.8117393891669,77.26273569678058
2026-09-16 18:45:00,AWS-001,17.092844002582503,1008.8738426364307,71.67383964442185
2026-09-16 19:00:00,AWS-001,18.02931826130851,1008.5438100216003,75.49805102329083
2026-09-16 19:15:00,AWS-001,17.739964806316504,1008.9623627876227,75.45702866910055
2026-09-16 19:30:00,AWS-001,17.09687032774506,1009.2727151348889,71.37906841550891
2026-09-16 19:45:00,AWS-001,18.752064350905545,1008.2788186468931,70.44734990562563
2026-09-16 20:00:00,AWS-001,18.682313617487125,1009.1508234422472,71.49849680381544
2026-09-16 20:15:00,AWS-001,18.63929195331391,1008.3092252802489,71.14896129950766
2026-09-16 20:30:00,AWS-001,18.539931228245177,1008.825723178505,73.40713903137345
2026-09-16 20:45:00,AWS-001,18.505561921806347,1009.6633358498615,70.04851954480264
2026-09-16 21:00:00,AWS-001,19.157042362472005,1009.0600985252522,68.89390468123598
2026-09-16 21:15:00,AWS-001,20.26960778905146,1008.9433359148348,68.66691975311207
2026-09-16 21:30:00,AWS-001,21.07220172089747,1009.2977397506983,71.36868610343937
2026-09-16 21:45:00,AWS-001,21.32705989997922,1010.0398025469401,68.35964024404804
2026-09-16 22:00:00,AWS-001,20.755575289106815,1008.9328572356332,67.14149794928626
2026-09-16 22:15:00,AWS-001,20.901881761603452,1009.2304545004395,66.41431935588298
2026-09-16 22:30:00,AWS-001,22.00897566453476,1010.0590488609216,68.32437215412962
2026-09-16 22:45:00,AWS-001,21.544264594793173,1010.2315197562722,63.32324852634115
2026-09-16 23:00:00,AWS-001,23.09103149627213,1009.7079182482729,66.5133022584182
2026-09-16 23:15:00,AWS-001,23.365476130721557,1009.4322499085829,63.34734742808509
2026-09-16 23:30:00,AWS-001,23.7227722113054,1010.4979467920824,61.637054119350196
2026-09-16 23:45:00,AWS-001,23.67942343252541,1010.4128945518812,65.9828479343208
2026-09-17 00:00:00,AWS-001,25.256800053284827,1010.2036840963286,57.88872102040286
2026-09-17 00:15:00,AWS-001,25.25687461401006,1009.8217174609623,58.31158154241408
2026-09-17 00:30:00,AWS-001,25.459251119905158,1010.1160974562089,55.57724463837143
2026-09-17 00:45:00,AWS-001,25.12459146948811,1010.1479262563456,58.97856911083059
2026-09-17 01:00:00,AWS-001,27.056794908294773,1010.3603077758247,59.49609219076569
2026-09-17 01:15:00,AWS-001,28.45764152076011,1010.7610913782286,58.51825358326196
2026-09-17 01:30:00,AWS-001,28.892097066194612,1010.6540057563735,56.70764602081574
2026-09-17 01:45:00,AWS-001,28.30976139345875,1010.1309397029733,52.97042871112328
2026-09-17 02:00:00,AWS-001,28.698893969819004,1010.9305870252109,51.769518045020504
2026-09-17 02:15:00,AWS-001,29.678948992194243,1010.6745089965129,48.324106959718
2026-09-17 02:30:00,AWS-001,29.37089871247555,1010.848998669364,54.94032563523291
2026-09-17 02:45:00,AWS-001,30.42566247071023,1011.1444623536261,51.047768929796
2026-09-17 03:00:00,AWS-001,31.039894388684687,1010.4318927898761,48.40948447246289
2026-09-17 03:15:00,AWS-001,31.628185071773952,1010.8146663859968,51.37851666578932
2026-09-17 03:30:00,AWS-001,31.296749684089825,1010.7251410150303,46.15417086211162
2026-09-17 03:45:00,AWS-001,31.549920023331815,1010.4724356460423,48.341199883907294
2026-09-17 04:00:00,AWS-001,31.48921193689718,1011.1040129932815,46.664360674651846
2026-09-17 04:15:00,AWS-001,31.761541755241545,1011.8096026667761,47.82426315677034
2026-09-17 04:30:00,AWS-001,32.277796814139506,1010.5591171426875,46.0146599339585
2026-09-17 04:45:00,AWS-001,32.75912378936892,1011.1552712104208,42.894192275350996
2026-09-17 05:00:00,AWS-001,33.18419892342913,1011.4096857385399,45.66226535100412
2026-09-17 05:15:00,AWS-001,32.44469276788564,1011.3057100288241,47.385949077702314
2026-09-17 05:30:00,AWS-001,33.67790317547023,1011.2847532144453,45.0698942676849
2026-09-17 05:45:00,AWS-001,32.847309585387535,1010.977419695012,46.58234639459913
2026-09-17 06:00:00,AWS-001,32.98931635282578,1011.4840495852552,42.908941028651896
2026-09-17 06:15:00,AWS-001,32.60926554633492,1011.2326989522909,44.97959456488124
2026-09-17 06:30:00,AWS-001,31.71943876085402,1010.8467031034644,43.87930616921568
2026-09-17 06:45:00,AWS-001,33.288304941406395,1011.9043985728796,46.78218247416091
2026-09-17 07:00:00,AWS-001,33.09582855885879,1011.8742224265351,45.574095730187906
2026-09-17 07:15:00,AWS-001,32.43477725740177,1011.6411916622385,47.17619541024658
2026-09-17 07:30:00,AWS-001,32.42453161870276,1011.7316616310668,48.31722786464637
2026-09-17 07:45:00,AWS-001,32.43295154111359,1012.0206997668678,47.9301460272524
2026-09-17 08:00:00,AWS-001,31.146930301832263,1011.7993527046023,47.555855811820656
2026-09-17 08:15:00,AWS-001,31.387230559747234,1012.0350477951251,45.53153129843898
2026-09-17 08:30:00,AWS-001,31.743959062140874,1011.7045008228032,48.094127674297525
2026-09-17 08:45:00,AWS-001,30.38757374824727,1012.2153227714145,47.65622208378353
2026-09-17 09:00:00,AWS-001,30.80363321557576,1011.9439947828024,48.70527036879321
2026-09-17 09:15:00,AWS-001,29.59647561848891,1011.9300274365963,49.36074447199836
2026-09-17 09:30:00,AWS-001,30.103306423286575,1011.5128419323767,48.90872741530461
2026-09-17 09:45:00,AWS-001,29.42674112300811,1011.9999674277549,47.751769326437916
2026-09-17 10:00:00,AWS-001,28.192434092047367,1011.6822651773299,51.16371390334424
2026-09-17 10:15:00,AWS-001,29.120679198980707,1011.7562691405961,53.75242855056309
2026-09-17 10:30:00,AWS-001,27.694171670521794,1011.7169578723116,51.563394423668484
2026-09-17 10:45:00,AWS-001,27.166389503918186,1011.6534161846,55.20977249339566
2026-09-17 11:00:00,AWS-001,27.170836959435707,1012.6203211436526,59.91825117208399
2026-09-17 11:15:00,AWS-001,27.13504125084344,1012.389771171941,59.11975828026245
2026-09-17 11:30:00,AWS-001,25.536298628271254,1012.5718280971205,61.32919013494021
2026-09-17 11:45:00,AWS-001,25.554064958765263,1011.6320606690861,59.80120881541305
2026-09-17 12:00:00,AWS-001,25.214408250165405,1012.0213761249732,62.33501964597267
2026-09-17 12:15:00,AWS-001,24.823327769790527,1011.6108768873916,59.533117477516384
2026-09-17 12:30:00,AWS-001,24.04401123987828,1011.787009383318,60.66921234925665
2026-09-17 12:45:00,AWS-001,23.25576350432938,1011.7149313583195,57.44807441796686
2026-09-17 13:00:00,AWS-001,22.51565252885552,1012.35476492468,66.25457662462232
2026-09-17 13:15:00,AWS-001,22.471556219098034,1011.8544177607392,67.90223993918694
2026-09-17 13:30:00,AWS-001,21.402463035086598,1012.2820843609146,64.63389699478158
2026-09-17 13:45:00,AWS-001,20.001015236500788,1012.1289902254313,66.12642694049036
2026-09-17 14:00:00,AWS-001,21.218279902078915,1012.6229432782096,65.99227577261792
2026-09-17 14:15:00,AWS-001,21.007405556386345,1011.4700474045225,69.09886059824889
2026-09-17 14:30:00,AWS-001,18.948442350159365,1012.2716302309262,71.3812865257372
2026-09-17 14:45:00,AWS-001,19.220368126844512,1012.2157441146348,66.40464327873889
2026-09-17 15:00:00,AWS-001,19.652722881010316,1011.5557454136145,71.42547877908254
2026-09-17 15:15:00,AWS-001,20.01402927502411,1012.1238676507843,70.72425356874622
2026-09-17 15:30:00,AWS-001,18.66357013150789,1011.8945889719733,72.12708888830178
2026-09-17 15:45:00,AWS-001,17.98424163096512,1011.6955996507107,73.39003218788667
2026-09-17 16:00:00,AWS-001,25.980348549172106,1011.4848701614773,95.0
2026-09-17 16:15:00,AWS-001,18.512456277312612,1011.4826715276184,73.24591741617873
2026-09-17 16:30:00,AWS-001,17.285981650347452,1012.2778828533409,73.43044265255999
2026-09-17 16:45:00,AWS-001,17.02496296071407,1011.6258982148705,76.14458434600306
2026-09-17 17:00:00,AWS-001,17.031221628596466,1011.8213456810419,75.32640731459095
2026-09-17 17:15:00,AWS-001,16.677053452644817,1011.3087510922253,75.15294628152314
2026-09-17 17:30:00,AWS-001,17.129776267006925,1011.2697237310914,72.32976947842258
2026-09-17 17:45:00,AWS-001,17.829467843325958,1011.7843235881708,74.21072436215275
2026-09-17 18:00:00,AWS-001,17.161539636558015,1011.0093406989076,76.79733832067835
2026-09-17 18:15:00,AWS-001,16.890951863028018,1011.2426204736742,75.04327699482693
2026-09-17 18:30:00,AWS-001,16.922535474551726,1011.3288998535219,76.19073585978546
2026-09-17 18:45:00,AWS-001,16.372122352425805,1011.3021983488793,78.24480280670377
2026-09-17 19:00:00,AWS-001,17.71414827826101,1011.1637948725127,76.56609953275371
2026-09-17 19:15:00,AWS-001,17.385640365532726,1011.2837013280644,74.39026861782611
2026-09-17 19:30:00,AWS-001,17.51872378311437,1011.3189971927845,72.83621464727788
2026-09-17 19:45:00,AWS-001,19.421571851660907,1011.2765269649385,68.34599193087857
2026-09-17 20:00:00,AWS-001,18.221173223907265,1010.7042588573996,72.653611211821
2026-09-17 20:15:00,AWS-001,17.972347576531977,1010.8575469442734,71.82001919290461
2026-09-17 20:30:00,AWS-001,18.439994479567286,1011.2430062390011,72.68103249315939
2026-09-17 20:45:00,AWS-001,19.559504394766503,1011.0938082158809,70.96978665823539
2026-09-17 21:00:00,AWS-001,19.399780955776453,1010.3535090292859,69.96583159892471
2026-09-17 21:15:00,AWS-001,19.006094490040727,1010.8099440659481,66.33138936548666
2026-09-17 21:30:00,AWS-001,20.589523035217717,1010.049411355794,67.2514857768309
2026-09-17 21:45:00,AWS-001,20.221366093073577,1010.594649825127,69.28685557689535
2026-09-17 22:00:00,AWS-001,21.936648888108675,1011.0869681952289,70.93181526226557
2026-09-17 22:15:00,AWS-001,22.001714511105227,1010.1697847108882,66.43927958579393
2026-09-17 22:30:00,AWS-001,21.714871593249832,1010.1398837303848,66.39587363262473
2026-09-17 22:45:00,AWS-001,23.068992458442203,1010.5549998812611,66.72654829345315
2026-09-17 23:00:00,AWS-001,22.963375394443492,1009.7982119298772,62.260497804137394
2026-09-17 23:15:00,AWS-001,23.865664261431945,1010.0062077716935,63.659982916813064
2026-09-17 23:30:00,AWS-001,24.1981568708867,1010.3097385997348,60.47691267063669
2026-09-17 23:45:00,AWS-001,24.053596638663315,1009.8751524113367,62.71069581543437
2026-09-18 00:00:00,AWS-001,24.67822508384118,1009.9292090038367,60.302806095903634
2026-09-18 00:15:00,AWS-001,26.038205442631654,1010.157817547451,59.61585668951087
2026-09-18 00:30:00,AWS-001,25.876821871707087,1009.9956575666007,56.47690992186215
2026-09-18 00:45:00,AWS-001,26.35889834450799,1009.8840112382295,58.487709888979715
2026-09-18 01:00:00,AWS-001,26.59299107114536,1009.6372109317789,60.28714016592447
2026-09-18 01:15:00,AWS-001,27.783315255221915,1009.7852273877915,53.162584629596374
2026-09-18 01:30:00,AWS-001,29.092729918542197,1009.5726995519378,53.58023049922878
2026-09-18 01:45:00,AWS-001,28.004543064624798,1009.6831891569091,53.828884595051306
2026-09-18 02:00:00,AWS-001,29.012109728336323,1009.3332823022595,54.07281242399174
2026-09-18 02:15:00,AWS-001,30.15067214186449,1009.3646599531772,50.54735393412711
2026-09-18 02:30:00,AWS-001,29.830270736446792,1009.0601337316281,45.20251798458393
2026-09-18 02:45:00,AWS-001,30.500952418925323,1009.2849976211556,52.8281917618272
2026-09-18 03:00:00,AWS-001,30.125657485418863,1008.9913328761812,50.91441052137022
2026-09-18 03:15:00,AWS-001,31.22887200843558,1008.8403720053426,45.23650782684213
2026-09-18 03:30:00,AWS-001,31.25325458982756,1009.1930209639186,46.88456231207245
2026-09-18 03:45:00,AWS-001,32.14462189626026,1009.1210284591053,50.66432067451654
2026-09-18 04:00:00,AWS-001,32.521896256057865,1009.2348621204845,49.905211780149195
2026-09-18 04:15:00,AWS-001,33.469763753270755,1008.8145266278268,48.424188922367684
2026-09-18 04:30:00,AWS-001,32.680852846697036,1009.0112753880119,45.789582144411064
2026-09-18 04:45:00,AWS-001,32.7383391942519,1009.0002838779466,45.9620228951985
2026-09-18 05:00:00,AWS-001,32.824598761101186,1008.9159092843321,45.24926099541177
2026-09-18 05:15:00,AWS-001,32.66969909682049,1008.483517326832,47.544700360489244
2026-09-18 05:30:00,AWS-001,33.10080081272132,1008.7261174144812,43.37664226640264
2026-09-18 05:45:00,AWS-001,32.8351706808393,1008.7420574847706,43.42051684165256
2026-09-18 06:00:00,AWS-001,33.08423048813481,1008.5879399776993,47.02054917367203
2026-09-18 06:15:00,AWS-001,33.641670153712816,1007.9143285570931,44.94339324039781
2026-09-18 06:30:00,AWS-001,32.42828760835067,1008.5444672722341,47.88526179030043
2026-09-18 06:45:00,AWS-001,33.416221523790384,1009.1177384050936,43.94519637999042
2026-09-18 07:00:00,AWS-001,33.3859641439825,1008.3052815387905,45.40155588498629
2026-09-18 07:15:00,AWS-001,32.516406772465324,1008.1558835014603,43.95122208788548
2026-09-18 07:30:00,AWS-001,31.330108810586047,1008.4490653433083,46.15653237517773
2026-09-18 07:45:00,AWS-001,31.871070938714343,1008.3953091000868,43.58981500301197
2026-09-18 08:00:00,AWS-001,32.57670050355612,1008.625769742056,46.03435210132339
2026-09-18 08:15:00,AWS-001,31.64032286727097,1007.8587970245306,44.655448085605485
2026-09-18 08:30:00,AWS-001,30.847175606182475,1008.4256685927072,49.4875463620139
2026-09-18 08:45:00,AWS-001,30.76233099921775,1008.355398968533,50.155581567334565
2026-09-18 09:00:00,AWS-001,31.077164262744684,1008.1095969738952,45.93287282123304
2026-09-18 09:15:00,AWS-001,30.548133304901345,1008.2297943418619,52.77758426449992
2026-09-18 09:30:00,AWS-001,29.750625382485016,1008.4149769854893,55.86340881770872
2026-09-18 09:45:00,AWS-001,29.261149658249558,1008.3478139425441,51.758459278178485
2026-09-18 10:00:00,AWS-001,28.804120925478163,1007.7252425537997,51.21777147955057
2026-09-18 10:15:00,AWS-001,28.07710442950282,1008.298293497472,59.01433082872096
2026-09-18 10:30:00,AWS-001,28.86915530365549,1008.0190228576838,51.621811517918545
2026-09-18 10:45:00,AWS-001,27.41035548781976,1008.0485755652348,55.218620954190506
2026-09-18 11:00:00,AWS-001,27.679131621233044,1008.0390693745529,56.4769588687258
2026-09-18 11:15:00,AWS-001,27.321380602090365,1007.9645576500161,59.7639404106627
2026-09-18 11:30:00,AWS-001,26.54336498683449,1008.3617944026549,58.76158506695262
2026-09-18 11:45:00,AWS-001,25.307414877482202,1007.9759554370925,58.0216852699708
2026-09-18 12:00:00,AWS-001,25.20186504516837,1007.6641361614851,58.09763125922397
2026-09-18 12:15:00,AWS-001,24.46467716296344,1007.8830118682563,60.29740329795979
2026-09-18 12:30:00,AWS-001,23.503939531874664,1008.057890568566,59.94403816141022
2026-09-18 12:45:00,AWS-001,23.6014570647319,1008.3783949819447,63.022005469811056
2026-09-18 13:00:00,AWS-001,22.339927743600036,1008.1980386827371,62.75389331681664
2026-09-18 13:15:00,AWS-001,23.022323971805573,1007.771552752206,61.833516392967766
2026-09-18 13:30:00,AWS-001,21.706223892430152,1008.7839864141972,68.25054306222603
2026-09-18 13:45:00,AWS-001,21.562270306184462,1008.1316786347387,65.63898530642685
2026-09-18 14:00:00,AWS-001,21.141643935773203,1008.4507655688216,64.96372639004913
2026-09-18 14:15:00,AWS-001,20.425985648991258,1008.0406049984624,67.99703522631873
2026-09-18 14:30:00,AWS-001,20.423255468667968,1008.2661475144214,69.26816456706595
2026-09-18 14:45:00,AWS-001,19.487781650888262,1008.3800286978409,66.39725377534282
2026-09-18 15:00:00,AWS-001,19.778794399236304,1008.5176993485037,71.26989705204963
2026-09-18 15:15:00,AWS-001,18.31229170004485,1008.495482841771,69.18328197480405
2026-09-18 15:30:00,AWS-001,18.716363067443353,1008.4679136169565,75.32235772275004
2026-09-18 15:45:00,AWS-001,19.31770760110886,1008.141631451945,73.51996520869149
2026-09-18 16:00:00,AWS-001,17.57163110742177,1008.0964253798444,72.19058107654783
2026-09-18 16:15:00,AWS-001,17.48614558247612,1008.401377890044,71.96275558235553
2026-09-18 16:30:00,AWS-001,17.8659176647392,1008.6169991970972,73.64825757254198
2026-09-18 16:45:00,AWS-001,17.514349855008977,1008.3074904205838,75.42953342559312
2026-09-18 17:00:00,AWS-001,17.447908439324248,1008.7328449091319,74.43789913716559
2026-09-18 17:15:00,AWS-001,17.398311321847995,1008.8897641169203,74.27746159177474
2026-09-18 17:30:00,AWS-001,17.38580184329042,1008.2214241093201,74.98841350224292
2026-09-18 17:45:00,AWS-001,17.57197853506929,1008.2891956434654,73.76016598610512
2026-09-18 18:00:00,AWS-001,17.204909328464257,1008.5436739199553,74.31358814631392
2026-09-18 18:15:00,AWS-001,16.896499786781895,1008.7250991964111,70.79629897076906
2026-09-18 18:30:00,AWS-001,17.40472795961087,1008.5239382656697,76.81912538231192
2026-09-18 18:45:00,AWS-001,18.103658724221752,1009.1368742353328,75.309374766692
2026-09-18 19:00:00,AWS-001,17.20627651649613,1008.9096972004381,72.94197570626925
2026-09-18 19:15:00,AWS-001,16.93729431170379,1008.8468787207366,78.00142190513715
2026-09-18 19:30:00,AWS-001,18.162504074553148,1008.4580866768002,74.03222594845415
2026-09-18 19:45:00,AWS-001,17.76482748576165,1008.549119553771,71.38080397904001
2026-09-18 20:00:00,AWS-001,16.985461996717433,1009.0843027750846,74.70385589970756
2026-09-18 20:15:00,AWS-001,18.771953940154813,1008.4174278385015,73.26814061755677
2026-09-18 20:30:00,AWS-001,18.385509184693127,1009.4192138424552,72.68946007533702
2026-09-18 20:45:00,AWS-001,18.940014899016006,1009.1271397870795,70.42608590288165
2026-09-18 21:00:00,AWS-001,19.50913591579204,1010.2075610261483,71.50759316535445
2026-09-18 21:15:00,AWS-001,19.8204833190889,1009.9878747793423,69.36667064605899
2026-09-18 21:30:00,AWS-001,20.484634476499682,1009.3026863486194,70.24330433842263
2026-09-18 21:45:00,AWS-001,20.3376949505582,1009.3875295447317,64.52366458727288
2026-09-18 22:00:00,AWS-001,21.256552899087993,1009.7810363639956,66.63225307404173
2026-09-18 22:15:00,AWS-001,21.33191713945589,1010.0567992569066,70.07864054890167
2026-09-18 22:30:00,AWS-001,22.307937781522906,1009.1184106387369,64.20611657467599
2026-09-18 22:45:00,AWS-001,22.73616801958112,1009.1382964136044,63.61391538456126
2026-09-18 23:00:00,AWS-001,22.46172828815744,1009.5523371738936,62.98636299963805
2026-09-18 23:15:00,AWS-001,23.982268481958403,1009.978786994293,60.496742558464796
2026-09-18 23:30:00,AWS-001,23.687808739682495,1010.018255818692,57.54133133084439
2026-09-18 23:45:00,AWS-001,24.880803865299377,1010.2554932708516,60.51987414140502
2026-09-19 00:00:00,AWS-001,25.18364365670052,1009.6400907414904,60.271718848163594
2026-09-19 00:15:00,AWS-001,26.442316872238575,1009.3705950067529,58.913942924470796
2026-09-19 00:30:00,AWS-001,25.932476546574375,1010.388210517051,57.752349992803666
2026-09-19 00:45:00,AWS-001,26.386064178069834,1009.9475753987696,57.15972691145903
2026-09-19 01:00:00,AWS-001,27.06084255787622,1009.6555060251235,58.16339726656386
2026-09-19 01:15:00,AWS-001,27.419925831008094,1010.3693100705771,54.79751564859425
2026-09-19 01:30:00,AWS-001,28.4614384098917,1010.6281333504979,53.111583360349194
2026-09-19 01:45:00,AWS-001,27.73015421753359,1010.4175353864323,52.803418676939046
2026-09-19 02:00:00,AWS-001,28.473158790426712,1010.3802835743503,53.658693519513754
2026-09-19 02:15:00,AWS-001,28.91066040336713,1010.5327606848651,54.49050026179263
2026-09-19 02:30:00,AWS-001,30.34524522805648,1010.5317041018861,49.612291086530966
2026-09-19 02:45:00,AWS-001,31.13007320709146,1010.3000859622605,50.30768034755684
2026-09-19 03:00:00,AWS-001,30.604629640223603,1010.550962661633,50.07011316607378
2026-09-19 03:15:00,AWS-001,30.930307598236713,1010.9817980311129,46.73724687435788
2026-09-19 03:30:00,AWS-001,31.38185280388639,1010.981080942851,48.14053423005747
2026-09-19 03:45:00,AWS-001,32.23269604972439,1010.993211415442,44.59660810077775
2026-09-19 04:00:00,AWS-001,31.46452666318017,1010.701455455444,43.47151833575472
2026-09-19 04:15:00,AWS-001,32.29416642362886,1011.00168475266,47.280401692794264
2026-09-19 04:30:00,AWS-001,32.87863507498148,1010.4580209521063,45.37405752966918
2026-09-19 04:45:00,AWS-001,32.82598812093075,1011.2184983929012,46.200608872815884
2026-09-19 05:00:00,AWS-001,32.82219741861188,1011.6461801703615,45.475322651647346
2026-09-19 05:15:00,AWS-001,33.34680528950938,1010.8265469287147,43.33542069662399
2026-09-19 05:30:00,AWS-001,31.579942744490847,1011.1429133282047,45.0378184754642
2026-09-19 05:45:00,AWS-001,33.32180904567428,1011.4659166376588,42.56591354139125
2026-09-19 06:00:00,AWS-001,32.672962158436285,1011.7900663527014,47.7819447160028
2026-09-19 06:15:00,AWS-001,32.0675549374806,1011.3252607605056,42.32017546170101
2026-09-19 06:30:00,AWS-001,33.18716019075298,1011.2960045161782,44.73675653745567
2026-09-19 06:45:00,AWS-001,33.53311151580735,1010.9553439640007,43.203677617857
2026-09-19 07:00:00,AWS-001,32.65868235299873,1011.6177381193748,46.65195495238551
2026-09-19 07:15:00,AWS-001,33.05187830956235,1012.2383161812263,45.133185315010344
2026-09-19 07:30:00,AWS-001,33.197175389084656,1011.7461467631945,45.104473573088214
2026-09-19 07:45:00,AWS-001,32.832439159053564,1011.691720669298,48.25331196711272
2026-09-19 08:00:00,AWS-001,32.748185494961234,1011.8286755007989,47.068480126588476
2026-09-19 08:15:00,AWS-001,32.02282064395639,1011.7605149275122,48.5612447073336
2026-09-19 08:30:00,AWS-001,31.38454354178076,1011.5498411713872,46.13704802259639
2026-09-19 08:45:00,AWS-001,30.213735553883314,1012.0687116245457,45.91276899996018
2026-09-19 09:00:00,AWS-001,30.533823005427475,1011.9154875219562,49.60781420628193
2026-09-19 09:15:00,AWS-001,29.853143223142514,1011.8770958290947,49.47212006250939
2026-09-19 09:30:00,AWS-001,30.955562790818725,1011.6012504508068,52.12144790977698
2026-09-19 09:45:00,AWS-001,29.356618957940693,1012.3049330510448,51.50662959938079
2026-09-19 10:00:00,AWS-001,29.061602403392367,1012.1312624761781,52.91015067846902
2026-09-19 10:15:00,AWS-001,28.81405220977236,1011.7818777073445,50.11890458683228
2026-09-19 10:30:00,AWS-001,28.083268682107047,1012.262118016911,58.036622393751976
2026-09-19 10:45:00,AWS-001,28.41904124264076,1011.8240154126543,54.849924050388346
2026-09-19 11:00:00,AWS-001,26.759227679953014,1011.7482886749942,57.51288826414045
2026-09-19 11:15:00,AWS-001,26.658026303747704,1011.7624585181004,55.40146182931871
2026-09-19 11:30:00,AWS-001,25.67297424491154,1011.4643972805508,58.658126921133615
2026-09-19 11:45:00,AWS-001,24.86321377823093,1012.1403918890783,56.4132635344981
2026-09-19 12:00:00,AWS-001,24.69411545454748,1011.4506565364985,60.90413567651912
2026-09-19 12:15:00,AWS-001,24.458256567634752,1011.6303960255731,60.26909876968029
2026-09-19 12:30:00,AWS-001,23.741139349981044,1011.3730414437537,62.01627389117174
2026-09-19 12:45:00,AWS-001,23.093066933934114,1011.9645485455072,64.32230289050199
2026-09-19 13:00:00,AWS-001,22.226288907343967,1011.937793584666,61.41720505409715
2026-09-19 13:15:00,AWS-001,22.3869314912605,1011.8752778002139,63.452608518321554
2026-09-19 13:30:00,AWS-001,21.186172354063903,1011.6487972524053,66.65490004764965
2026-09-19 13:45:00,AWS-001,21.841718460092896,1011.5960838325237,70.83077330237832
2026-09-19 14:00:00,AWS-001,21.041219876467338,1012.0711626116422,67.22383533067688
2026-09-19 14:15:00,AWS-001,19.826662386110783,1011.7487150919519,69.51582573114177
2026-09-19 14:30:00,AWS-001,19.975304029405354,1011.988767755451,68.91747849541376
2026-09-19 14:45:00,AWS-001,19.349155276404193,1011.6062372476773,73.77467841601357
2026-09-19 15:00:00,AWS-001,19.50273300571731,1011.9020778878539,67.11215838386752
2026-09-19 15:15:00,AWS-001,19.655506763179837,1012.2127110610372,71.46683920152323
2026-09-19 15:30:00,AWS-001,17.71558704284731,1011.9695952231833,68.64921203724428
2026-09-19 15:45:00,AWS-001,18.4057561411534,1011.6401183832318,67.45890104346465
2026-09-19 16:00:00,AWS-001,17.99173037194121,1011.8092104986756,73.58530516300215
2026-09-19 16:15:00,AWS-001,18.16068810596375,1011.6262048106942,73.73208671528519
2026-09-19 16:30:00,AWS-001,17.71556205402861,1011.6653032800135,73.28851911218479
2026-09-19 16:45:00,AWS-001,17.04857429816979,1011.5280100535388,73.991563762347
2026-09-19 17:00:00,AWS-001,17.113066421854178,1011.5374061188169,80.68548626247848
2026-09-19 17:15:00,AWS-001,16.755704828372433,1011.6096489126478,74.19542892998555
2026-09-19 17:30:00,AWS-001,17.606444678308826,1011.2056720050833,75.8919216431073
2026-09-19 17:45:00,AWS-001,17.027784438427148,1011.1549644972987,73.66915420935129
2026-09-19 18:00:00,AWS-001,,1010.9976507962238,75.5904651500812
2026-09-19 18:15:00,AWS-001,16.986798207183853,1010.8871032726946,
2026-09-19 18:30:00,AWS-001,16.714237725554266,1010.953506822534,74.05063595514773
2026-09-19 18:45:00,AWS-001,16.396860560467722,1011.3166253203685,78.34957627044915
2026-09-19 19:00:00,AWS-001,16.371023551559457,1010.9496866033699,76.84325732070475
2026-09-19 19:15:00,AWS-001,16.632490992536383,1011.3190397330048,74.47744523722508
2026-09-19 19:30:00,AWS-001,17.742527065415423,1011.1215545906649,69.2497691157814
2026-09-19 19:45:00,AWS-001,18.07938057935339,1010.4655844372693,72.73107267648531
2026-09-19 20:00:00,AWS-001,17.281201418708356,1011.1964926752665,78.39643618557687
2026-09-19 20:15:00,AWS-001,18.79576225861763,1011.1860330673295,72.0107208512589
2026-09-19 20:30:00,AWS-001,18.41164275182833,1010.5864185779876,74.10673524847597
2026-09-19 20:45:00,AWS-001,19.058678046160896,1010.9514715224773,74.16148191608997
2026-09-19 21:00:00,AWS-001,20.149256064635278,1010.5084173935073,71.04452954951026
2026-09-19 21:15:00,AWS-001,20.173653137132174,1010.733801208867,68.20654396276481
2026-09-19 21:30:00,AWS-001,19.9956432439772,1010.2635294085198,64.26079677156525
2026-09-19 21:45:00,AWS-001,20.109842023135425,1010.0426374187485,69.70187991251215
2026-09-19 22:00:00,AWS-001,19.924092299335243,1010.4027929333212,65.8704879943531
2026-09-19 22:15:00,AWS-001,21.102113818626687,1010.4170338421864,66.98663125706058
2026-09-19 22:30:00,AWS-001,21.83296742166536,1010.2708767359479,63.24061080629777
2026-09-19 22:45:00,AWS-001,21.93489451399905,1009.9705817793224,64.29111689860714
2026-09-19 23:00:00,AWS-001,22.863819155633635,1010.1410826658007,63.94972378634
2026-09-19 23:15:00,AWS-001,23.477703365350216,1010.2768227064333,63.46354199233078
2026-09-19 23:30:00,AWS-001,23.84336247133542,1010.1173383494236,59.72824850859619
2026-09-19 23:45:00,AWS-001,24.151773675747013,1010.1201884748233,63.37486883597506
2026-09-20 00:00:00,AWS-001,25.08432733598327,1009.7989654398638,58.80621043053623
2026-09-20 00:15:00,AWS-001,25.744195358625774,1010.2860772087713,55.670014140641506
2026-09-20 00:30:00,AWS-001,25.49900999903893,1009.5163417405732,57.82406027677241
2026-09-20 00:45:00,AWS-001,27.26618876600201,1009.9502338084669,57.14239578781128
2026-09-20 01:00:00,AWS-001,27.0212582946779,1010.0935149434479,56.43889318980596
2026-09-20 01:15:00,AWS-001,27.5809405338976,1009.8184814810355,57.902672827822954
2026-09-20 01:30:00,AWS-001,28.4155746705489,1009.5490620878483,53.786850841052114
2026-09-20 01:45:00,AWS-001,28.654917587383682,1009.3873583599324,53.126430397977586
2026-09-20 02:00:00,AWS-001,29.476568316956563,1009.7931882051088,50.29363123753393
2026-09-20 02:15:00,AWS-001,29.588123946757687,1008.9925381679126,53.307553510481846
2026-09-20 02:30:00,AWS-001,29.56387274474943,1009.0660837912798,51.237196693025616
2026-09-20 02:45:00,AWS-001,30.455518283403503,1009.17623257451,49.269757318910834
2026-09-20 03:00:00,AWS-001,30.084991145831967,1009.6059292625234,45.58404889527102
2026-09-20 03:15:00,AWS-001,31.068998312720016,1009.2885162312035,51.611227277925636
2026-09-20 03:30:00,AWS-001,31.3302117270076,1008.8250088920089,45.64433996671945
2026-09-20 03:45:00,AWS-001,31.547698469784056,1008.9641142147326,46.345399796722475
2026-09-20 04:00:00,AWS-001,31.863934474555965,1008.8157030567711,47.72630796538557
2026-09-20 04:15:00,AWS-001,31.234057409512626,1008.7309276010292,44.15379301977642
2026-09-20 04:30:00,AWS-001,32.116673806219765,1009.1825264015279,43.1547874558245
2026-09-20 04:45:00,AWS-001,32.62186348653137,1008.4235216674854,41.54815289217215
2026-09-20 05:00:00,AWS-001,32.80733480631122,1009.2651113987029,46.9531065114753
2026-09-20 05:15:00,AWS-001,32.33244467276285,1008.9796823387281,44.197848304498926
2026-09-20 05:30:00,AWS-001,33.56441281142283,1009.008566870981,50.98286726433952
2026-09-20 05:45:00,AWS-001,32.549783961801566,1008.4939335423467,43.04340602015922
2026-09-20 06:00:00,AWS-001,33.48472860026337,1008.5408042219032,43.157097953142156
2026-09-20 06:15:00,AWS-001,33.19646856684468,1008.1103263102469,43.90133021085013
2026-09-20 06:30:00,AWS-001,32.60844523606859,1008.338921662922,45.6145963896698
2026-09-20 06:45:00,AWS-001,33.73393768953061,1008.6020755475674,44.34781411638089
2026-09-20 07:00:00,AWS-001,32.130588194434324,1008.802112237952,46.73577703366897
2026-09-20 07:15:00,AWS-001,33.03501812276586,1008.0421595857761,43.83887127759608
2026-09-20 07:30:00,AWS-001,32.89132741911184,1008.2274089942993,43.378623575403424
2026-09-20 07:45:00,AWS-001,31.839671827723244,1008.2562058708771,42.95047939819135
2026-09-20 08:00:00,AWS-001,32.62443588030773,1007.8492124317734,42.56247060735892
2026-09-20 08:15:00,AWS-001,31.52673364112094,1008.4135622438308,46.49181777651161
2026-09-20 08:30:00,AWS-001,31.491173536969857,1007.9890574174119,47.49773927084494
2026-09-20 08:45:00,AWS-001,31.14487937921747,1008.1196552448046,47.459528832848896
2026-09-20 09:00:00,AWS-001,30.58969987875722,1008.0166561234038,51.8802098765759
2026-09-20 09:15:00,AWS-001,30.680170657380547,1007.8913865947695,52.56587319271504
2026-09-20 09:30:00,AWS-001,30.26683579234597,1008.1040262453656,50.19897258998
2026-09-20 09:45:00,AWS-001,28.570295877537816,1008.0214364549652,48.078604278321876
2026-09-20 10:00:00,AWS-001,29.652170121439156,1007.9565909827382,51.366589783889744
2026-09-20 10:15:00,AWS-001,27.70706352773424,1007.8337075549412,52.166026858880734
2026-09-20 10:30:00,AWS-001,28.5777405610916,1008.1342868404284,52.94547858996744
2026-09-20 10:45:00,AWS-001,28.13486829083923,1008.5227985163779,53.78297021265582
2026-09-20 11:00:00,AWS-001,26.5250691457127,1008.0590764471042,54.81078853201233
2026-09-20 11:15:00,AWS-001,26.355315432151848,1008.3084660111289,56.30056193796234
2026-09-20 11:30:00,AWS-001,25.491357203517545,1007.5872155759768,56.77102491906792
2026-09-20 11:45:00,AWS-001,25.41576451869686,1008.0483992568354,59.43559807879888
2026-09-20 12:00:00,AWS-001,24.845982857907195,1007.6707895043087,60.720737431809596
2026-09-20 12:15:00,AWS-001,24.866605232293686,1007.5579933467876,59.15975676408686
2026-09-20 12:30:00,AWS-001,24.610944835299538,1007.7824707312851,64.50002353531457
2026-09-20 12:45:00,AWS-001,24.137119329266078,1008.3672003469796,60.966230226560455
2026-09-20 13:00:00,AWS-001,22.648363625890788,1008.3021150258533,60.64668444890693
2026-09-20 13:15:00,AWS-001,22.323873340702534,1008.0996147524465,65.58314812227735
2026-09-20 13:30:00,AWS-001,21.09681344496888,1007.5786192712266,64.10543521664752
2026-09-20 13:45:00,AWS-001,21.05875544499995,1007.993361846029,67.2769132947997
2026-09-20 14:00:00,AWS-001,21.482425816548865,1008.1586583500923,62.69266279779868
2026-09-20 14:15:00,AWS-001,21.36322954761741,1008.1387801974091,71.11846537825994
2026-09-20 14:30:00,AWS-001,19.51273413199037,1007.5530016659656,70.47600825121143
2026-09-20 14:45:00,AWS-001,19.429001349623082,1007.8610927920795,66.88923412817488
2026-09-20 15:00:00,AWS-001,19.329942872028216,1008.1330176057328,67.64904747010553
2026-09-20 15:15:00,AWS-001,19.125362119578032,1008.3391596230127,74.62212892037962
2026-09-20 15:30:00,AWS-001,18.24837151770933,1007.5474161706046,70.42554029737255
2026-09-20 15:45:00,AWS-001,18.560273623811767,1008.1875202786593,70.80367448707277
2026-09-20 16:00:00,AWS-001,17.8348770961891,1008.3108638233948,68.45827686846789
2026-09-20 16:15:00,AWS-001,17.817791932299404,1008.5564792335017,72.75153471178712
2026-09-20 16:30:00,AWS-001,17.882105863911594,1008.5449180506661,73.40275375799771
2026-09-20 16:45:00,AWS-001,17.427770098944652,1008.5490780264595,75.6349381359655
2026-09-20 17:00:00,AWS-001,17.05440044442419,1008.173311167407,71.69073053796704
2026-09-20 17:15:00,AWS-001,17.098912854811275,1007.8815784521375,71.67120562156717
2026-09-20 17:30:00,AWS-001,17.024259629406867,1008.3784045579237,75.77359819016007
2026-09-20 17:45:00,AWS-001,16.832123099150117,1008.8407614021669,76.98134399103317
2026-09-20 18:00:00,AWS-001,16.87060196866645,1009.0038227958843,71.85769529776424
2026-09-20 18:15:00,AWS-001,17.816452199343527,1008.8459801266436,77.13091202117855
2026-09-20 18:30:00,AWS-001,17.348900832980124,1008.8101106166404,74.94675660358082
2026-09-20 18:45:00,AWS-001,17.005977597759564,1008.8451053261884,76.89538988419777
2026-09-20 19:00:00,AWS-001,17.621070591942782,1008.6156415179544,74.34844667130088
2026-09-20 19:15:00,AWS-001,17.257649219161106,1008.7960265181983,69.15939610745077
2026-09-20 19:30:00,AWS-001,18.19552605870298,1009.3895803917086,73.55425822303731
2026-09-20 19:45:00,AWS-001,18.009839163837494,1008.6610968969617,75.57337876033296
2026-09-20 20:00:00,AWS-001,18.018145697722332,1009.484433637213,71.20288901859924
2026-09-20 20:15:00,AWS-001,18.572101564484736,1008.9605980800003,71.69611424672334
2026-09-20 20:30:00,AWS-001,17.867735201635767,1009.5130522522904,71.54803309726675
2026-09-20 20:45:00,AWS-001,18.42189780571318,1008.7525414375419,65.47856935244789
2026-09-20 21:00:00,AWS-001,18.746183247308,1009.4104043956193,73.94929686867334
2026-09-20 21:15:00,AWS-001,19.79670502658122,1009.0744688633732,68.08743586670685
2026-09-20 21:30:00,AWS-001,20.996166067672704,1008.9325409118164,70.14289230007655
2026-09-20 21:45:00,AWS-001,21.67108820893943,1009.4849908582144,68.16015122299774
2026-09-20 22:00:00,AWS-001,21.319025550720326,1009.7852034463737,70.01523811271882
2026-09-20 22:15:00,AWS-001,21.712112715720075,1009.2923650423531,67.44644259814146
2026-09-20 22:30:00,AWS-001,21.03800367400278,1009.1601145678302,65.27040294243464
2026-09-20 22:45:00,AWS-001,22.15714737770758,1009.6466556239103,63.03456179450909
2026-09-20 23:00:00,AWS-001,22.535555763225613,1009.7127170169268,65.47798707930228
2026-09-20 23:15:00,AWS-001,23.128853624745325,1009.9684616076073,59.179472222332855
2026-09-20 23:30:00,AWS-001,23.87171855294712,1010.154072112949,63.249673723852695
2026-09-20 23:45:00,AWS-001,24.240729677310235,1009.9167372799748,58.78295743534251
2026-09-21 00:00:00,AWS-001,24.010350094811955,1010.5566509944383,62.50456732391356
2026-09-21 00:15:00,AWS-001,25.897180161899776,1010.1327085890041,59.341552146873504
2026-09-21 00:30:00,AWS-001,25.507838024890393,1010.0268783066582,59.33035465239966
2026-09-21 00:45:00,AWS-001,26.680346008184504,1009.7125640729282,57.2376227974077
2026-09-21 01:00:00,AWS-001,28.107593695695073,1010.1822545283452,52.61296013318035
2026-09-21 01:15:00,AWS-001,27.111823426632018,1010.2248748631658,53.45694969366202
2026-09-21 01:30:00,AWS-001,26.796323697547404,1010.6782720829167,55.6045271897467
2026-09-21 01:45:00,AWS-001,28.39530741081182,1010.5928976132888,53.69898128143491
2026-09-21 02:00:00,AWS-001,29.550479817499173,1010.1638273537153,54.86197981061156
2026-09-21 02:15:00,AWS-001,30.42373559126702,1010.6322456704322,52.47299563078049
2026-09-21 02:30:00,AWS-001,29.25531663484348,1010.844338282125,48.935174783464014
2026-09-21 02:45:00,AWS-001,30.52311613241875,1011.1629095036589,48.51768449805781
2026-09-21 03:00:00,AWS-001,30.42419902110231,1011.0316180549544,49.59923306324835
2026-09-21 03:15:00,AWS-001,30.96174428267965,1011.0536680559022,44.094314755815326
2026-09-21 03:30:00,AWS-001,32.668998395838315,1010.9026031788226,51.4465836668776
2026-09-21 03:45:00,AWS-001,30.90027173422272,1011.0592870752789,48.411449288217064
2026-09-21 04:00:00,AWS-001,32.055073061022746,1011.3748514702119,49.46368813733126
2026-09-21 04:15:00,AWS-001,32.40882851814418,1010.6563024820568,43.38570099539141
2026-09-21 04:30:00,AWS-001,32.93392942255994,1011.0063086678741,48.63093733304126
2026-09-21 04:45:00,AWS-001,32.62443261269624,1010.9331847691087,50.259045879629014
2026-09-21 05:00:00,AWS-001,32.88143188006456,1011.3312687936353,42.86935589490942
2026-09-21 05:15:00,AWS-001,32.65045795951492,1011.6378532210225,46.83102438375913
2026-09-21 05:30:00,AWS-001,33.06612236161302,1011.1395993441838,45.13054696876746
2026-09-21 05:45:00,AWS-001,32.811275248160115,1010.650093293805,41.94324845492447
2026-09-21 06:00:00,AWS-001,33.31078594492803,1011.2905473388657,45.98576794370374
2026-09-21 06:15:00,AWS-001,32.79806621788701,1011.7337702650009,46.699322561095634
2026-09-21 06:30:00,AWS-001,33.12010908794159,1011.6649685858429,43.92607397405511
2026-09-21 06:45:00,AWS-001,32.83165083638338,1011.6744767810687,47.620053834461935
2026-09-21 07:00:00,AWS-001,33.29043173569866,1011.5027086900201,42.177585792085516
2026-09-21 07:15:00,AWS-001,32.549744174166634,1011.2419841483172,42.80653576467405
2026-09-21 07:30:00,AWS-001,31.504520025986892,1011.8175275210924,46.41500180350813
2026-09-21 07:45:00,AWS-001,32.805942682618536,1011.4481198200427,46.59767943295416
2026-09-21 08:00:00,AWS-001,31.47533707984423,1012.387279827583,45.57647196638515
2026-09-21 08:15:00,AWS-001,31.324873729096037,1011.9349946912031,49.14714468740543
2026-09-21 08:30:00,AWS-001,31.048996075308217,1011.6195509922991,49.161488524063216
2026-09-21 08:45:00,AWS-001,31.701937506417305,1011.6383120756258,50.438681029683224
2026-09-21 09:00:00,AWS-001,29.589017142503106,1011.8198758030385,49.147125411497115
2026-09-21 09:15:00,AWS-001,31.8436407876307,1011.7999612769081,51.31497330945536
2026-09-21 09:30:00,AWS-001,30.398119836602845,1012.2289103916493,49.9772779588091
2026-09-21 09:45:00,AWS-001,29.556181321221537,1011.9698055223877,55.77408388487889
2026-09-21 10:00:00,AWS-001,28.972552999691885,1011.7123621309056,50.87490845975597
2026-09-21 10:15:00,AWS-001,28.681086559180958,1012.5148861641014,57.57626450563138
2026-09-21 10:30:00,AWS-001,28.32202867311039,1011.9763630602625,54.32952440870247
2026-09-21 10:45:00,AWS-001,27.894123515400413,1012.2039385669605,52.42738624131491
2026-09-21 11:00:00,AWS-001,27.34835459382208,1011.8004217705142,58.85387302443904
2026-09-21 11:15:00,AWS-001,26.605512916756712,1012.0993041416677,57.325447946547875
2026-09-21 11:30:00,AWS-001,25.94554032760691,1012.0890508438201,59.74435531345941
2026-09-21 11:45:00,AWS-001,25.447588392014417,1011.4320343873239,61.466664898632985
2026-09-21 12:00:00,AWS-001,24.902545859823785,1012.6045825331382,60.67591110828982
2026-09-21 12:15:00,AWS-001,25.04366001459261,1012.3861225132296,59.796565248826106
2026-09-21 12:30:00,AWS-001,24.252568823380106,1011.8765592516334,63.909319638639104
2026-09-21 12:45:00,AWS-001,21.969083106539017,1011.6596885312077,62.92786584515077
2026-09-21 13:00:00,AWS-001,23.25739802744477,1012.0871582068886,65.25400131375454
2026-09-21 13:15:00,AWS-001,22.52585237493424,1011.9992959739941,60.51413083196423
2026-09-21 13:30:00,AWS-001,21.929178162856356,1012.0682712453754,66.63421491949602
2026-09-21 13:45:00,AWS-001,21.267431251703655,1012.005227177413,65.35715870299477
2026-09-21 14:00:00,AWS-001,21.562056359993193,1012.08372394937,70.8066192743567
2026-09-21 14:15:00,AWS-001,21.029201366904683,1012.348072381282,69.57972819107209
2026-09-21 14:30:00,AWS-001,19.743469734018575,1012.0642912205288,69.61113692682913
2026-09-21 14:45:00,AWS-001,19.928759622761756,1011.5569152038416,70.86280721320139
2026-09-21 15:00:00,AWS-001,18.85731738323708,1012.2565279208363,68.60972001204458
2026-09-21 15:15:00,AWS-001,18.295472457773727,1012.3139120188889,74.52411049324074
2026-09-21 15:30:00,AWS-001,18.339814665375204,1012.7393625034191,75.88304094120221
2026-09-21 15:45:00,AWS-001,18.779439837771132,1011.4267943187249,73.2578712056344
2026-09-21 16:00:00,AWS-001,18.54835929241257,1011.8049154115139,76.17118819391379
2026-09-21 16:15:00,AWS-001,18.081560777787217,1011.0737747520965,72.3147947256451
2026-09-21 16:30:00,AWS-001,17.97151163333372,1011.8288839715188,72.26396585521931
2026-09-21 16:45:00,AWS-001,17.68264810759668,1011.4612332797333,74.28580143988435
2026-09-21 17:00:00,AWS-001,16.951852592075983,1012.16374041903,75.35876947107181
2026-09-21 17:15:00,AWS-001,17.369679029111147,1011.31363641572,73.92380584356218
2026-09-21 17:30:00,AWS-001,17.468645871623387,1010.9969247035677,75.94720930134407
2026-09-21 17:45:00,AWS-001,17.394274278997965,1011.318349023185,75.58066281272588
2026-09-21 18:00:00,AWS-001,17.59445668573732,1010.821567231008,73.00338644941789
2026-09-21 18:15:00,AWS-001,17.371280537691703,1011.592514440398,76.00546988348249
2026-09-21 18:30:00,AWS-001,17.24416521278029,1010.6991667163232,76.59872940565022
2026-09-21 18:45:00,AWS-001,17.68879287593237,1011.2773238426822,75.05471784122925
2026-09-21 19:00:00,AWS-001,17.2593327600629,1010.5941793120605,76.79418360085945
2026-09-21 19:15:00,AWS-001,16.983621638425234,1011.0688660523746,71.7691443554328
2026-09-21 19:30:00,AWS-001,17.5274302579378,1011.6041539127805,74.79409383193305
2026-09-21 19:45:00,AWS-001,17.452566745335197,1011.1643300687315,71.11252971019691
